Leith| Scotland - READ flaterco.com/pol.html,2022-06-28,5:10 PM UTC,3.00 m,Mark Falling
Leith| Scotland - READ flaterco.com/pol.html,2022-06-28,8:11 PM UTC,1.41 m,Low Tide
Leith| Scotland - READ flaterco.com/pol.html,2022-06-28,9:02 PM UTC,,Sunset
Leith| Scotland - READ flaterco.com/pol.html,2022-06-28,9:19 PM UTC,,Moonset
Leith| Scotland - READ flaterco.com/pol.html,2022-06-28,10:48 PM UTC,3.00 m,Mark Rising
Leith| Scotland - READ flaterco.com/pol.html,2022-06-29,2:37 AM UTC,5.02 m,High Tide
Leith| Scotland - READ flaterco.com/pol.html,2022-06-29,2:53 AM UTC,,New Moon
Leith| Scotland - READ flaterco.com/pol.html,2022-06-29,3:03 AM UTC,,Moonrise
Leith| Scotland - READ flaterco.com/pol.html,2022-06-29,3:29 AM UTC,,Sunrise
Leith| Scotland - READ flaterco.com/pol.html,2022-06-29,5:31 AM UTC,3.00 m,Mark Falling
Leith| Scotland - READ flaterco.com/pol.html,2022-06-29,8:33 AM UTC,1.12 m,Low Tide
Leith| Scotland - READ flaterco.com/pol.html,2022-06-29,11:23 AM UTC,3.00 m,Mark Rising
Leith| Scotland - READ flaterco.com/pol.html,2022-06-29,2:56 PM UTC,4.94 m,High Tide
Leith| Scotland - READ flaterco.com/pol.html,2022-06-29,5:49 PM UTC,3.00 m,Mark Falling
Leith| Scotland - READ flaterco.com/pol.html,2022-06-29,8:44 PM UTC,1.39 m,Low Tide
Leith| Scotland - READ flaterco.com/pol.html,2022-06-29,9:02 PM UTC,,Sunset
Leith| Scotland - READ flaterco.com/pol.html,2022-06-29,10:06 PM UTC,,Moonset
Leith| Scotland - READ flaterco.com/pol.html,2022-06-29,11:20 PM UTC,3.00 m,Mark Rising
Leith| Scotland - READ flaterco.com/pol.html,2022-06-30,3:10 AM UTC,5.06 m,High Tide
Leith| Scotland - READ flaterco.com/pol.html,2022-06-30,3:30 AM UTC,,Sunrise
Leith| Scotland - READ flaterco.com/pol.html,2022-06-30,4:00 AM UTC,,Moonrise
Leith| Scotland - READ flaterco.com/pol.html,2022-06-30,6:09 AM UTC,2.99 m,Mark Falling
Leith| Scotland - READ flaterco.com/pol.html,2022-06-30,9:11 AM UTC,1.05 m,Low Tide
Leith| Scotland - READ flaterco.com/pol.html,2022-06-30,12:01 PM UTC,3.00 m,Mark Rising
Leith| Scotland - READ flaterco.com/pol.html,2022-06-30,3:33 PM UTC,4.94 m,High Tide
Leith| Scotland - READ flaterco.com/pol.html,2022-06-30,6:26 PM UTC,3.00 m,Mark Falling
Leith| Scotland - READ flaterco.com/pol.html,2022-06-30,9:02 PM UTC,,Sunset
Leith| Scotland - READ flaterco.com/pol.html,2022-06-30,9:16 PM UTC,1.39 m,Low Tide
Leith| Scotland - READ flaterco.com/pol.html,2022-06-30,10:39 PM UTC,,Moonset
Leith| Scotland - READ flaterco.com/pol.html,2022-06-30,11:53 PM UTC,3.00 m,Mark Rising
Leith| Scotland - READ flaterco.com/pol.html,2022-07-01,3:31 AM UTC,,Sunrise
Leith| Scotland - READ flaterco.com/pol.html,2022-07-01,3:43 AM UTC,5.08 m,High Tide
Leith| Scotland - READ flaterco.com/pol.html,2022-07-01,5:10 AM UTC,,Moonrise
Leith| Scotland - READ flaterco.com/pol.html,2022-07-01,6:45 AM UTC,2.99 m,Mark Falling
Leith| Scotland - READ flaterco.com/pol.html,2022-07-01,9:47 AM UTC,1.04 m,Low Tide
Leith| Scotland - READ flaterco.com/pol.html,2022-07-01,12:40 PM UTC,3.00 m,Mark Rising
Leith| Scotland - READ flaterco.com/pol.html,2022-07-01,4:10 PM UTC,4.94 m,High Tide
Leith| Scotland - READ flaterco.com/pol.html,2022-07-01,7:02 PM UTC,3.00 m,Mark Falling
Leith| Scotland - READ flaterco.com/pol.html,2022-07-01,9:01 PM UTC,,Sunset
Leith| Scotland - READ flaterco.com/pol.html,2022-07-01,9:47 PM UTC,1.44 m,Low Tide
Leith| Scotland - READ flaterco.com/pol.html,2022-07-01,11:01 PM UTC,,Moonset
Leith| Scotland - READ flaterco.com/pol.html,2022-07-02,12:27 AM UTC,3.00 m,Mark Rising
Leith| Scotland - READ flaterco.com/pol.html,2022-07-02,3:31 AM UTC,,Sunrise
Leith| Scotland - READ flaterco.com/pol.html,2022-07-02,4:18 AM UTC,5.07 m,High Tide
Leith| Scotland - READ flaterco.com/pol.html,2022-07-02,6:27 AM UTC,,Moonrise
Leith| Scotland - READ flaterco.com/pol.html,2022-07-02,7:19 AM UTC,3.00 m,Mark Falling
Leith| Scotland - READ flaterco.com/pol.html,2022-07-02,10:22 AM UTC,1.09 m,Low Tide
Leith| Scotland - READ flaterco.com/pol.html,2022-07-02,1:19 PM UTC,3.00 m,Mark Rising
Leith| Scotland - READ flaterco.com/pol.html,2022-07-02,4:48 PM UTC,4.92 m,High Tide
Leith| Scotland - READ flaterco.com/pol.html,2022-07-02,7:38 PM UTC,3.00 m,Mark Falling
Leith| Scotland - READ flaterco.com/pol.html,2022-07-02,9:01 PM UTC,,Sunset
Leith| Scotland - READ flaterco.com/pol.html,2022-07-02,10:16 PM UTC,1.52 m,Low Tide
Leith| Scotland - READ flaterco.com/pol.html,2022-07-02,11:17 PM UTC,,Moonset
Leith| Scotland - READ flaterco.com/pol.html,2022-07-03,1:03 AM UTC,3.00 m,Mark Rising
Leith| Scotland - READ flaterco.com/pol.html,2022-07-03,3:32 AM UTC,,Sunrise
Leith| Scotland - READ flaterco.com/pol.html,2022-07-03,4:55 AM UTC,5.03 m,High Tide
Leith| Scotland - READ flaterco.com/pol.html,2022-07-03,7:46 AM UTC,,Moonrise
Leith| Scotland - READ flaterco.com/pol.html,2022-07-03,7:53 AM UTC,3.00 m,Mark Falling
Leith| Scotland - READ flaterco.com/pol.html,2022-07-03,10:55 AM UTC,1.17 m,Low Tide
Leith| Scotland - READ flaterco.com/pol.html,2022-07-03,2:00 PM UTC,3.00 m,Mark Rising
Leith| Scotland - READ flaterco.com/pol.html,2022-07-03,5:29 PM UTC,4.88 m,High Tide
Leith| Scotland - READ flaterco.com/pol.html,2022-07-03,8:15 PM UTC,3.00 m,Mark Falling
Leith| Scotland - READ flaterco.com/pol.html,2022-07-03,9:00 PM UTC,,Sunset
Leith| Scotland - READ flaterco.com/pol.html,2022-07-03,10:45 PM UTC,1.63 m,Low Tide
Leith| Scotland - READ flaterco.com/pol.html,2022-07-03,11:28 PM UTC,,Moonset
Leith| Scotland - READ flaterco.com/pol.html,2022-07-04,1:40 AM UTC,3.00 m,Mark Rising
Leith| Scotland - READ flaterco.com/pol.html,2022-07-04,3:33 AM UTC,,Sunrise
Leith| Scotland - READ flaterco.com/pol.html,2022-07-04,5:35 AM UTC,4.97 m,High Tide
Leith| Scotland - READ flaterco.com/pol.html,2022-07-04,8:29 AM UTC,3.00 m,Mark Falling
Leith| Scotland - READ flaterco.com/pol.html,2022-07-04,9:05 AM UTC,,Moonrise
Leith| Scotland - READ flaterco.com/pol.html,2022-07-04,11:28 AM UTC,1.27 m,Low Tide
Leith| Scotland - READ flaterco.com/pol.html,2022-07-04,2:44 PM UTC,3.00 m,Mark Rising
Leith| Scotland - READ flaterco.com/pol.html,2022-07-04,6:11 PM UTC,4.82 m,High Tide
Leith| Scotland - READ flaterco.com/pol.html,2022-07-04,8:54 PM UTC,3.00 m,Mark Falling
Leith| Scotland - READ flaterco.com/pol.html,2022-07-04,8:59 PM UTC,,Sunset
Leith| Scotland - READ flaterco.com/pol.html,2022-07-04,11:18 PM UTC,1.75 m,Low Tide
Leith| Scotland - READ flaterco.com/pol.html,2022-07-04,11:37 PM UTC,,Moonset
Leith| Scotland - READ flaterco.com/pol.html,2022-07-05,2:20 AM UTC,3.00 m,Mark Rising
Leith| Scotland - READ flaterco.com/pol.html,2022-07-05,3:34 AM UTC,,Sunrise
Leith| Scotland - READ flaterco.com/pol.html,2022-07-05,6:16 AM UTC,4.88 m,High Tide
Leith| Scotland - READ flaterco.com/pol.html,2022-07-05,9:07 AM UTC,3.00 m,Mark Falling
Leith| Scotland - READ flaterco.com/pol.html,2022-07-05,10:24 AM UTC,,Moonrise
Leith| Scotland - READ flaterco.com/pol.html,2022-07-05,12:06 PM UTC,1.37 m,Low Tide
Leith| Scotland - READ flaterco.com/pol.html,2022-07-05,3:32 PM UTC,3.00 m,Mark Rising
Leith| Scotland - READ flaterco.com/pol.html,2022-07-05,6:55 PM UTC,4.74 m,High Tide
Leith| Scotland - READ flaterco.com/pol.html,2022-07-05,8:59 PM UTC,,Sunset
Leith| Scotland - READ flaterco.com/pol.html,2022-07-05,9:37 PM UTC,3.00 m,Mark Falling
Leith| Scotland - READ flaterco.com/pol.html,2022-07-05,11:45 PM UTC,,Moonset
Leith| Scotland - READ flaterco.com/pol.html,2022-07-06,12:01 AM UTC,1.87 m,Low Tide
Leith| Scotland - READ flaterco.com/pol.html,2022-07-06,3:03 AM UTC,3.00 m,Mark Rising
Leith| Scotland - READ flaterco.com/pol.html,2022-07-06,3:35 AM UTC,,Sunrise
Leith| Scotland - READ flaterco.com/pol.html,2022-07-06,7:00 AM UTC,4.79 m,High Tide
Leith| Scotland - READ flaterco.com/pol.html,2022-07-06,9:51 AM UTC,3.00 m,Mark Falling
Leith| Scotland - READ flaterco.com/pol.html,2022-07-06,11:45 AM UTC,,Moonrise
Leith| Scotland - READ flaterco.com/pol.html,2022-07-06,12:56 PM UTC,1.47 m,Low Tide
Leith| Scotland - READ flaterco.com/pol.html,2022-07-06,4:24 PM UTC,3.00 m,Mark Rising
Leith| Scotland - READ flaterco.com/pol.html,2022-07-06,7:41 PM UTC,4.66 m,High Tide
Leith| Scotland - READ flaterco.com/pol.html,2022-07-06,8:58 PM UTC,,Sunset
Leith| Scotland - READ flaterco.com/pol.html,2022-07-06,10:26 PM UTC,3.00 m,Mark Falling
Leith| Scotland - READ flaterco.com/pol.html,2022-07-06,11:52 PM UTC,,Moonset
Leith| Scotland - READ flaterco.com/pol.html,2022-07-07,1:01 AM UTC,1.97 m,Low Tide
Leith| Scotland - READ flaterco.com/pol.html,2022-07-07,2:14 AM UTC,,First Quarter
Leith| Scotland - READ flaterco.com/pol.html,2022-07-07,3:37 AM UTC,,Sunrise
Leith| Scotland - READ flaterco.com/pol.html,2022-07-07,3:55 AM UTC,3.00 m,Mark Rising
Leith| Scotland - READ flaterco.com/pol.html,2022-07-07,7:49 AM UTC,4.71 m,High Tide
Leith| Scotland - READ flaterco.com/pol.html,2022-07-07,10:43 AM UTC,3.00 m,Mark Falling
Leith| Scotland - READ flaterco.com/pol.html,2022-07-07,1:07 PM UTC,,Moonrise
Leith| Scotland - READ flaterco.com/pol.html,2022-07-07,1:58 PM UTC,1.53 m,Low Tide
Leith| Scotland - READ flaterco.com/pol.html,2022-07-07,5:21 PM UTC,3.00 m,Mark Rising
Leith| Scotland - READ flaterco.com/pol.html,2022-07-07,8:32 PM UTC,4.60 m,High Tide
Leith| Scotland - READ flaterco.com/pol.html,2022-07-07,8:57 PM UTC,,Sunset
Leith| Scotland - READ flaterco.com/pol.html,2022-07-07,11:25 PM UTC,3.00 m,Mark Falling
Leith| Scotland - READ flaterco.com/pol.html,2022-07-08,12:00 AM UTC,,Moonset
Leith| Scotland - READ flaterco.com/pol.html,2022-07-08,2:14 AM UTC,2.00 m,Low Tide
Leith| Scotland - READ flaterco.com/pol.html,2022-07-08,3:38 AM UTC,,Sunrise
Leith| Scotland - READ flaterco.com/pol.html,2022-07-08,4:56 AM UTC,3.00 m,Mark Rising
Leith| Scotland - READ flaterco.com/pol.html,2022-07-08,8:45 AM UTC,4.65 m,High Tide
Leith| Scotland - READ flaterco.com/pol.html,2022-07-08,11:44 AM UTC,3.00 m,Mark Falling
Leith| Scotland - READ flaterco.com/pol.html,2022-07-08,2:35 PM UTC,,Moonrise
Leith| Scotland - READ flaterco.com/pol.html,2022-07-08,2:59 PM UTC,1.53 m,Low Tide
Leith| Scotland - READ flaterco.com/pol.html,2022-07-08,6:20 PM UTC,3.00 m,Mark Rising
Leith| Scotland - READ flaterco.com/pol.html,2022-07-08,8:56 PM UTC,,Sunset
Leith| Scotland - READ flaterco.com/pol.html,2022-07-08,9:30 PM UTC,4.59 m,High Tide
Leith| Scotland - READ flaterco.com/pol.html,2022-07-09,12:10 AM UTC,,Moonset
Leith| Scotland - READ flaterco.com/pol.html,2022-07-09,12:31 AM UTC,3.00 m,Mark Falling
Leith| Scotland - READ flaterco.com/pol.html,2022-07-09,3:19 AM UTC,1.93 m,Low Tide
Leith| Scotland - READ flaterco.com/pol.html,2022-07-09,3:39 AM UTC,,Sunrise
Leith| Scotland - READ flaterco.com/pol.html,2022-07-09,6:09 AM UTC,3.00 m,Mark Rising
Leith| Scotland - READ flaterco.com/pol.html,2022-07-09,9:52 AM UTC,4.67 m,High Tide
Leith| Scotland - READ flaterco.com/pol.html,2022-07-09,12:53 PM UTC,3.00 m,Mark Falling
Leith| Scotland - READ flaterco.com/pol.html,2022-07-09,3:59 PM UTC,1.49 m,Low Tide
Leith| Scotland - READ flaterco.com/pol.html,2022-07-09,4:07 PM UTC,,Moonrise
Leith| Scotland - READ flaterco.com/pol.html,2022-07-09,7:20 PM UTC,3.00 m,Mark Rising
Leith| Scotland - READ flaterco.com/pol.html,2022-07-09,8:55 PM UTC,,Sunset
Leith| Scotland - READ flaterco.com/pol.html,2022-07-09,10:34 PM UTC,4.67 m,High Tide
Leith| Scotland - READ flaterco.com/pol.html,2022-07-10,12:24 AM UTC,,Moonset
Leith| Scotland - READ flaterco.com/pol.html,2022-07-10,1:39 AM UTC,3.00 m,Mark Falling
Leith| Scotland - READ flaterco.com/pol.html,2022-07-10,3:40 AM UTC,,Sunrise
Leith| Scotland - READ flaterco.com/pol.html,2022-07-10,4:21 AM UTC,1.77 m,Low Tide
Leith| Scotland - READ flaterco.com/pol.html,2022-07-10,7:25 AM UTC,3.00 m,Mark Rising
Leith| Scotland - READ flaterco.com/pol.html,2022-07-10,11:06 AM UTC,4.80 m,High Tide
Leith| Scotland - READ flaterco.com/pol.html,2022-07-10,2:03 PM UTC,3.00 m,Mark Falling
Leith| Scotland - READ flaterco.com/pol.html,2022-07-10,5:01 PM UTC,1.41 m,Low Tide
Leith| Scotland - READ flaterco.com/pol.html,2022-07-10,5:45 PM UTC,,Moonrise
Leith| Scotland - READ flaterco.com/pol.html,2022-07-10,8:17 PM UTC,3.00 m,Mark Rising
Leith| Scotland - READ flaterco.com/pol.html,2022-07-10,8:54 PM UTC,,Sunset
Leith| Scotland - READ flaterco.com/pol.html,2022-07-10,11:39 PM UTC,4.86 m,High Tide
Leith| Scotland - READ flaterco.com/pol.html,2022-07-11,12:45 AM UTC,,Moonset
Leith| Scotland - READ flaterco.com/pol.html,2022-07-11,2:41 AM UTC,3.00 m,Mark Falling
Leith| Scotland - READ flaterco.com/pol.html,2022-07-11,3:41 AM UTC,,Sunrise
Leith| Scotland - READ flaterco.com/pol.html,2022-07-11,5:27 AM UTC,1.54 m,Low Tide
Leith| Scotland - READ flaterco.com/pol.html,2022-07-11,8:35 AM UTC,3.00 m,Mark Rising
Leith| Scotland - READ flaterco.com/pol.html,2022-07-11,12:12 PM UTC,5.05 m,High Tide
Leith| Scotland - READ flaterco.com/pol.html,2022-07-11,3:08 PM UTC,3.00 m,Mark Falling
Leith| Scotland - READ flaterco.com/pol.html,2022-07-11,6:10 PM UTC,1.29 m,Low Tide
Leith| Scotland - READ flaterco.com/pol.html,2022-07-11,7:20 PM UTC,,Moonrise
Leith| Scotland - READ flaterco.com/pol.html,2022-07-11,8:53 PM UTC,,Sunset
Leith| Scotland - READ flaterco.com/pol.html,2022-07-11,9:11 PM UTC,3.00 m,Mark Rising
Leith| Scotland - READ flaterco.com/pol.html,2022-07-12,12:38 AM UTC,5.12 m,High Tide
Leith| Scotland - READ flaterco.com/pol.html,2022-07-12,1:21 AM UTC,,Moonset
Leith| Scotland - READ flaterco.com/pol.html,2022-07-12,3:37 AM UTC,3.00 m,Mark Falling
Leith| Scotland - READ flaterco.com/pol.html,2022-07-12,3:43 AM UTC,,Sunrise
Leith| Scotland - READ flaterco.com/pol.html,2022-07-12,6:41 AM UTC,1.24 m,Low Tide
Leith| Scotland - READ flaterco.com/pol.html,2022-07-12,9:39 AM UTC,3.00 m,Mark Rising
Leith| Scotland - READ flaterco.com/pol.html,2022-07-12,1:11 PM UTC,5.32 m,High Tide
Leith| Scotland - READ flaterco.com/pol.html,2022-07-12,4:07 PM UTC,3.00 m,Mark Falling
Leith| Scotland - READ flaterco.com/pol.html,2022-07-12,7:20 PM UTC,1.14 m,Low Tide
Leith| Scotland - READ flaterco.com/pol.html,2022-07-12,8:40 PM UTC,,Moonrise
Leith| Scotland - READ flaterco.com/pol.html,2022-07-12,8:52 PM UTC,,Sunset
Leith| Scotland - READ flaterco.com/pol.html,2022-07-12,10:01 PM UTC,3.00 m,Mark Rising
Leith| Scotland - READ flaterco.com/pol.html,2022-07-13,1:31 AM UTC,5.37 m,High Tide
Leith| Scotland - READ flaterco.com/pol.html,2022-07-13,2:21 AM UTC,,Moonset
Leith| Scotland - READ flaterco.com/pol.html,2022-07-13,3:44 AM UTC,,Sunrise
Leith| Scotland - READ flaterco.com/pol.html,2022-07-13,4:30 AM UTC,3.00 m,Mark Falling
Leith| Scotland - READ flaterco.com/pol.html,2022-07-13,7:50 AM UTC,0.90 m,Low Tide
Leith| Scotland - READ flaterco.com/pol.html,2022-07-13,10:37 AM UTC,3.00 m,Mark Rising
Leith| Scotland - READ flaterco.com/pol.html,2022-07-13,2:06 PM UTC,5.54 m,High Tide
Leith| Scotland - READ flaterco.com/pol.html,2022-07-13,5:03 PM UTC,3.00 m,Mark Falling
Leith| Scotland - READ flaterco.com/pol.html,2022-07-13,6:38 PM UTC,,Full Moon
Leith| Scotland - READ flaterco.com/pol.html,2022-07-13,8:18 PM UTC,0.97 m,Low Tide
Leith| Scotland - READ flaterco.com/pol.html,2022-07-13,8:51 PM UTC,,Sunset
Leith| Scotland - READ flaterco.com/pol.html,2022-07-13,9:35 PM UTC,,Moonrise
Leith| Scotland - READ flaterco.com/pol.html,2022-07-13,10:49 PM UTC,3.00 m,Mark Rising
Leith| Scotland - READ flaterco.com/pol.html,2022-07-14,2:21 AM UTC,5.58 m,High Tide
Leith| Scotland - READ flaterco.com/pol.html,2022-07-14,3:45 AM UTC,,Moonset
Leith| Scotland - READ flaterco.com/pol.html,2022-07-14,3:46 AM UTC,,Sunrise
Leith| Scotland - READ flaterco.com/pol.html,2022-07-14,5:20 AM UTC,3.00 m,Mark Falling
Leith| Scotland - READ flaterco.com/pol.html,2022-07-14,8:47 AM UTC,0.58 m,Low Tide
Leith| Scotland - READ flaterco.com/pol.html,2022-07-14,11:31 AM UTC,3.01 m,Mark Rising
Leith| Scotland - READ flaterco.com/pol.html,2022-07-14,2:58 PM UTC,5.68 m,High Tide
Leith| Scotland - READ flaterco.com/pol.html,2022-07-14,5:55 PM UTC,3.00 m,Mark Falling
Leith| Scotland - READ flaterco.com/pol.html,2022-07-14,8:50 PM UTC,,Sunset
Leith| Scotland - READ flaterco.com/pol.html,2022-07-14,9:09 PM UTC,0.87 m,Low Tide
Leith| Scotland - READ flaterco.com/pol.html,2022-07-14,10:08 PM UTC,,Moonrise
Leith| Scotland - READ flaterco.com/pol.html,2022-07-14,11:34 PM UTC,3.01 m,Mark Rising
Leith| Scotland - READ flaterco.com/pol.html,2022-07-15,3:11 AM UTC,5.71 m,High Tide
Leith| Scotland - READ flaterco.com/pol.html,2022-07-15,3:47 AM UTC,,Sunrise
Leith| Scotland - READ flaterco.com/pol.html,2022-07-15,5:24 AM UTC,,Moonset
Leith| Scotland - READ flaterco.com/pol.html,2022-07-15,6:10 AM UTC,3.00 m,Mark Falling
Leith| Scotland - READ flaterco.com/pol.html,2022-07-15,9:37 AM UTC,0.37 m,Low Tide
Leith| Scotland - READ flaterco.com/pol.html,2022-07-15,12:24 PM UTC,3.01 m,Mark Rising
Leith| Scotland - READ flaterco.com/pol.html,2022-07-15,3:50 PM UTC,5.70 m,High Tide
Leith| Scotland - READ flaterco.com/pol.html,2022-07-15,6:46 PM UTC,3.00 m,Mark Falling
Leith| Scotland - READ flaterco.com/pol.html,2022-07-15,8:48 PM UTC,,Sunset
Leith| Scotland - READ flaterco.com/pol.html,2022-07-15,9:55 PM UTC,0.85 m,Low Tide
Leith| Scotland - READ flaterco.com/pol.html,2022-07-15,10:28 PM UTC,,Moonrise
Leith| Scotland - READ flaterco.com/pol.html,2022-07-16,12:19 AM UTC,3.01 m,Mark Rising
Leith| Scotland - READ flaterco.com/pol.html,2022-07-16,3:49 AM UTC,,Sunrise
Leith| Scotland - READ flaterco.com/pol.html,2022-07-16,4:00 AM UTC,5.75 m,High Tide
Leith| Scotland - READ flaterco.com/pol.html,2022-07-16,6:59 AM UTC,3.00 m,Mark Falling
Leith| Scotland - READ flaterco.com/pol.html,2022-07-16,7:04 AM UTC,,Moonset
Leith| Scotland - READ flaterco.com/pol.html,2022-07-16,10:24 AM UTC,0.29 m,Low Tide
Leith| Scotland - READ flaterco.com/pol.html,2022-07-16,1:15 PM UTC,3.01 m,Mark Rising
Leith| Scotland - READ flaterco.com/pol.html,2022-07-16,4:42 PM UTC,5.63 m,High Tide
Leith| Scotland - READ flaterco.com/pol.html,2022-07-16,7:34 PM UTC,3.00 m,Mark Falling
Leith| Scotland - READ flaterco.com/pol.html,2022-07-16,8:47 PM UTC,,Sunset
Leith| Scotland - READ flaterco.com/pol.html,2022-07-16,10:38 PM UTC,0.92 m,Low Tide
Leith| Scotland - READ flaterco.com/pol.html,2022-07-16,10:42 PM UTC,,Moonrise
Leith| Scotland - READ flaterco.com/pol.html,2022-07-17,1:03 AM UTC,3.01 m,Mark Rising
Leith| Scotland - READ flaterco.com/pol.html,2022-07-17,3:50 AM UTC,,Sunrise
Leith| Scotland - READ flaterco.com/pol.html,2022-07-17,4:50 AM UTC,5.70 m,High Tide
Leith| Scotland - READ flaterco.com/pol.html,2022-07-17,7:47 AM UTC,3.00 m,Mark Falling
Leith| Scotland - READ flaterco.com/pol.html,2022-07-17,8:38 AM UTC,,Moonset
Leith| Scotland - READ flaterco.com/pol.html,2022-07-17,11:09 AM UTC,0.37 m,Low Tide
Leith| Scotland - READ flaterco.com/pol.html,2022-07-17,2:08 PM UTC,3.00 m,Mark Rising
Leith| Scotland - READ flaterco.com/pol.html,2022-07-17,5:33 PM UTC,5.47 m,High Tide
Leith| Scotland - READ flaterco.com/pol.html,2022-07-17,8:22 PM UTC,3.00 m,Mark Falling
Leith| Scotland - READ flaterco.com/pol.html,2022-07-17,8:46 PM UTC,,Sunset
Leith| Scotland - READ flaterco.com/pol.html,2022-07-17,10:51 PM UTC,,Moonrise
Leith| Scotland - READ flaterco.com/pol.html,2022-07-17,11:20 PM UTC,1.09 m,Low Tide
Leith| Scotland - READ flaterco.com/pol.html,2022-07-18,1:47 AM UTC,3.00 m,Mark Rising
Leith| Scotland - READ flaterco.com/pol.html,2022-07-18,3:52 AM UTC,,Sunrise
Leith| Scotland - READ flaterco.com/pol.html,2022-07-18,5:40 AM UTC,5.57 m,High Tide
Leith| Scotland - READ flaterco.com/pol.html,2022-07-18,8:35 AM UTC,3.00 m,Mark Falling
Leith| Scotland - READ flaterco.com/pol.html,2022-07-18,10:07 AM UTC,,Moonset
Leith| Scotland - READ flaterco.com/pol.html,2022-07-18,11:54 AM UTC,0.59 m,Low Tide
Leith| Scotland - READ flaterco.com/pol.html,2022-07-18,3:03 PM UTC,3.00 m,Mark Rising
Leith| Scotland - READ flaterco.com/pol.html,2022-07-18,6:24 PM UTC,5.24 m,High Tide
Leith| Scotland - READ flaterco.com/pol.html,2022-07-18,8:44 PM UTC,,Sunset
Leith| Scotland - READ flaterco.com/pol.html,2022-07-18,9:09 PM UTC,3.00 m,Mark Falling
Leith| Scotland - READ flaterco.com/pol.html,2022-07-18,10:59 PM UTC,,Moonrise
Leith| Scotland - READ flaterco.com/pol.html,2022-07-19,12:03 AM UTC,1.32 m,Low Tide
Leith| Scotland - READ flaterco.com/pol.html,2022-07-19,2:34 AM UTC,3.00 m,Mark Rising
Leith| Scotland - READ flaterco.com/pol.html,2022-07-19,3:54 AM UTC,,Sunrise
Leith| Scotland - READ flaterco.com/pol.html,2022-07-19,6:31 AM UTC,5.36 m,High Tide
Leith| Scotland - READ flaterco.com/pol.html,2022-07-19,9:24 AM UTC,3.00 m,Mark Falling
Leith| Scotland - READ flaterco.com/pol.html,2022-07-19,11:32 AM UTC,,Moonset
Leith| Scotland - READ flaterco.com/pol.html,2022-07-19,12:40 PM UTC,0.90 m,Low Tide
Leith| Scotland - READ flaterco.com/pol.html,2022-07-19,3:59 PM UTC,3.00 m,Mark Rising
Leith| Scotland - READ flaterco.com/pol.html,2022-07-19,7:15 PM UTC,4.99 m,High Tide
Leith| Scotland - READ flaterco.com/pol.html,2022-07-19,8:43 PM UTC,,Sunset
Leith| Scotland - READ flaterco.com/pol.html,2022-07-19,9:59 PM UTC,3.00 m,Mark Falling
Leith| Scotland - READ flaterco.com/pol.html,2022-07-19,11:07 PM UTC,,Moonrise
Leith| Scotland - READ flaterco.com/pol.html,2022-07-20,12:47 AM UTC,1.57 m,Low Tide
Leith| Scotland - READ flaterco.com/pol.html,2022-07-20,3:24 AM UTC,3.00 m,Mark Rising
Leith| Scotland - READ flaterco.com/pol.html,2022-07-20,3:55 AM UTC,,Sunrise
Leith| Scotland - READ flaterco.com/pol.html,2022-07-20,7:23 AM UTC,5.12 m,High Tide
Leith| Scotland - READ flaterco.com/pol.html,2022-07-20,10:16 AM UTC,3.00 m,Mark Falling
Leith| Scotland - READ flaterco.com/pol.html,2022-07-20,12:54 PM UTC,,Moonset
Leith| Scotland - READ flaterco.com/pol.html,2022-07-20,1:28 PM UTC,1.25 m,Low Tide
Leith| Scotland - READ flaterco.com/pol.html,2022-07-20,2:19 PM UTC,,Last Quarter
Leith| Scotland - READ flaterco.com/pol.html,2022-07-20,4:59 PM UTC,3.00 m,Mark Rising
Leith| Scotland - READ flaterco.com/pol.html,2022-07-20,8:07 PM UTC,4.73 m,High Tide
Leith| Scotland - READ flaterco.com/pol.html,2022-07-20,8:41 PM UTC,,Sunset
Leith| Scotland - READ flaterco.com/pol.html,2022-07-20,10:52 PM UTC,3.00 m,Mark Falling
Leith| Scotland - READ flaterco.com/pol.html,2022-07-20,11:15 PM UTC,,Moonrise
Leith| Scotland - READ flaterco.com/pol.html,2022-07-21,1:35 AM UTC,1.81 m,Low Tide
Leith| Scotland - READ flaterco.com/pol.html,2022-07-21,3:57 AM UTC,,Sunrise
Leith| Scotland - READ flaterco.com/pol.html,2022-07-21,4:23 AM UTC,3.00 m,Mark Rising
Leith| Scotland - READ flaterco.com/pol.html,2022-07-21,8:18 AM UTC,4.86 m,High Tide
Leith| Scotland - READ flaterco.com/pol.html,2022-07-21,11:13 AM UTC,3.00 m,Mark Falling
Leith| Scotland - READ flaterco.com/pol.html,2022-07-21,2:14 PM UTC,,Moonset
Leith| Scotland - READ flaterco.com/pol.html,2022-07-21,2:20 PM UTC,1.58 m,Low Tide
Leith| Scotland - READ flaterco.com/pol.html,2022-07-21,5:57 PM UTC,3.00 m,Mark Rising
Leith| Scotland - READ flaterco.com/pol.html,2022-07-21,8:40 PM UTC,,Sunset
Leith| Scotland - READ flaterco.com/pol.html,2022-07-21,9:02 PM UTC,4.53 m,High Tide
Leith| Scotland - READ flaterco.com/pol.html,2022-07-21,11:25 PM UTC,,Moonrise
Leith| Scotland - READ flaterco.com/pol.html,2022-07-21,11:52 PM UTC,3.00 m,Mark Falling
Leith| Scotland - READ flaterco.com/pol.html,2022-07-22,2:30 AM UTC,1.99 m,Low Tide
Leith| Scotland - READ flaterco.com/pol.html,2022-07-22,3:58 AM UTC,,Sunrise
Leith| Scotland - READ flaterco.com/pol.html,2022-07-22,5:34 AM UTC,3.00 m,Mark Rising
Leith| Scotland - READ flaterco.com/pol.html,2022-07-22,9:17 AM UTC,4.64 m,High Tide
Leith| Scotland - READ flaterco.com/pol.html,2022-07-22,12:17 PM UTC,3.00 m,Mark Falling
Leith| Scotland - READ flaterco.com/pol.html,2022-07-22,3:20 PM UTC,1.84 m,Low Tide
Leith| Scotland - READ flaterco.com/pol.html,2022-07-22,3:34 PM UTC,,Moonset
Leith| Scotland - READ flaterco.com/pol.html,2022-07-22,6:54 PM UTC,3.00 m,Mark Rising
Leith| Scotland - READ flaterco.com/pol.html,2022-07-22,8:38 PM UTC,,Sunset
Leith| Scotland - READ flaterco.com/pol.html,2022-07-22,10:02 PM UTC,4.41 m,High Tide
Leith| Scotland - READ flaterco.com/pol.html,2022-07-22,11:38 PM UTC,,Moonrise
Leith| Scotland - READ flaterco.com/pol.html,2022-07-23,1:00 AM UTC,3.00 m,Mark Falling
Leith| Scotland - READ flaterco.com/pol.html,2022-07-23,3:33 AM UTC,2.08 m,Low Tide
Leith| Scotland - READ flaterco.com/pol.html,2022-07-23,4:00 AM UTC,,Sunrise
Leith| Scotland - READ flaterco.com/pol.html,2022-07-23,6:50 AM UTC,3.00 m,Mark Rising
Leith| Scotland - READ flaterco.com/pol.html,2022-07-23,10:23 AM UTC,4.51 m,High Tide
Leith| Scotland - READ flaterco.com/pol.html,2022-07-23,1:27 PM UTC,3.00 m,Mark Falling
Leith| Scotland - READ flaterco.com/pol.html,2022-07-23,4:38 PM UTC,1.97 m,Low Tide
Leith| Scotland - READ flaterco.com/pol.html,2022-07-23,4:53 PM UTC,,Moonset
Leith| Scotland - READ flaterco.com/pol.html,2022-07-23,7:46 PM UTC,3.00 m,Mark Rising
Leith| Scotland - READ flaterco.com/pol.html,2022-07-23,8:36 PM UTC,,Sunset
Leith| Scotland - READ flaterco.com/pol.html,2022-07-23,11:05 PM UTC,4.41 m,High Tide
Leith| Scotland - READ flaterco.com/pol.html,2022-07-23,11:55 PM UTC,,Moonrise
Leith| Scotland - READ flaterco.com/pol.html,2022-07-24,2:06 AM UTC,3.00 m,Mark Falling
Leith| Scotland - READ flaterco.com/pol.html,2022-07-24,4:02 AM UTC,,Sunrise
Leith| Scotland - READ flaterco.com/pol.html,2022-07-24,4:51 AM UTC,2.04 m,Low Tide
Leith| Scotland - READ flaterco.com/pol.html,2022-07-24,7:59 AM UTC,3.00 m,Mark Rising
Leith| Scotland - READ flaterco.com/pol.html,2022-07-24,11:28 AM UTC,4.49 m,High Tide
Leith| Scotland - READ flaterco.com/pol.html,2022-07-24,2:32 PM UTC,3.00 m,Mark Falling
Leith| Scotland - READ flaterco.com/pol.html,2022-07-24,5:54 PM UTC,1.95 m,Low Tide
Leith| Scotland - READ flaterco.com/pol.html,2022-07-24,6:08 PM UTC,,Moonset
Leith| Scotland - READ flaterco.com/pol.html,2022-07-24,8:34 PM UTC,3.00 m,Mark Rising
Leith| Scotland - READ flaterco.com/pol.html,2022-07-24,8:35 PM UTC,,Sunset
Leith| Scotland - READ flaterco.com/pol.html,2022-07-25,12:06 AM UTC,4.53 m,High Tide
Leith| Scotland - READ flaterco.com/pol.html,2022-07-25,12:21 AM UTC,,Moonrise
Leith| Scotland - READ flaterco.com/pol.html,2022-07-25,3:04 AM UTC,3.00 m,Mark Falling
Leith| Scotland - READ flaterco.com/pol.html,2022-07-25,4:03 AM UTC,,Sunrise
Leith| Scotland - READ flaterco.com/pol.html,2022-07-25,6:11 AM UTC,1.86 m,Low Tide
Leith| Scotland - READ flaterco.com/pol.html,2022-07-25,8:59 AM UTC,3.00 m,Mark Rising
Leith| Scotland - READ flaterco.com/pol.html,2022-07-25,12:28 PM UTC,4.57 m,High Tide
Leith| Scotland - READ flaterco.com/pol.html,2022-07-25,3:28 PM UTC,3.00 m,Mark Falling
Leith| Scotland - READ flaterco.com/pol.html,2022-07-25,6:43 PM UTC,1.86 m,Low Tide
Leith| Scotland - READ flaterco.com/pol.html,2022-07-25,7:13 PM UTC,,Moonset
Leith| Scotland - READ flaterco.com/pol.html,2022-07-25,8:33 PM UTC,,Sunset
Leith| Scotland - READ flaterco.com/pol.html,2022-07-25,9:16 PM UTC,3.00 m,Mark Rising
Leith| Scotland - READ flaterco.com/pol.html,2022-07-26,12:59 AM UTC,4.70 m,High Tide
Leith| Scotland - READ flaterco.com/pol.html,2022-07-26,12:59 AM UTC,,Moonrise
Leith| Scotland - READ flaterco.com/pol.html,2022-07-26,3:53 AM UTC,3.00 m,Mark Falling
Leith| Scotland - READ flaterco.com/pol.html,2022-07-26,4:05 AM UTC,,Sunrise
Leith| Scotland - READ flaterco.com/pol.html,2022-07-26,7:03 AM UTC,1.61 m,Low Tide
Leith| Scotland - READ flaterco.com/pol.html,2022-07-26,9:51 AM UTC,3.00 m,Mark Rising
Leith| Scotland - READ flaterco.com/pol.html,2022-07-26,1:20 PM UTC,4.71 m,High Tide
Leith| Scotland - READ flaterco.com/pol.html,2022-07-26,4:16 PM UTC,3.00 m,Mark Falling
Leith| Scotland - READ flaterco.com/pol.html,2022-07-26,7:23 PM UTC,1.72 m,Low Tide
Leith| Scotland - READ flaterco.com/pol.html,2022-07-26,8:05 PM UTC,,Moonset
Leith| Scotland - READ flaterco.com/pol.html,2022-07-26,8:31 PM UTC,,Sunset
Leith| Scotland - READ flaterco.com/pol.html,2022-07-26,9:54 PM UTC,3.00 m,Mark Rising
Leith| Scotland - READ flaterco.com/pol.html,2022-07-27,1:44 AM UTC,4.88 m,High Tide
Leith| Scotland - READ flaterco.com/pol.html,2022-07-27,1:53 AM UTC,,Moonrise
Leith| Scotland - READ flaterco.com/pol.html,2022-07-27,4:07 AM UTC,,Sunrise
Leith| Scotland - READ flaterco.com/pol.html,2022-07-27,4:37 AM UTC,3.00 m,Mark Falling
Leith| Scotland - READ flaterco.com/pol.html,2022-07-27,7:46 AM UTC,1.37 m,Low Tide
Leith| Scotland - READ flaterco.com/pol.html,2022-07-27,10:34 AM UTC,3.00 m,Mark Rising
Leith| Scotland - READ flaterco.com/pol.html,2022-07-27,2:03 PM UTC,4.84 m,High Tide
Leith| Scotland - READ flaterco.com/pol.html,2022-07-27,4:58 PM UTC,3.00 m,Mark Falling
Leith| Scotland - READ flaterco.com/pol.html,2022-07-27,7:58 PM UTC,1.56 m,Low Tide
Leith| Scotland - READ flaterco.com/pol.html,2022-07-27,8:29 PM UTC,,Sunset
Leith| Scotland - READ flaterco.com/pol.html,2022-07-27,8:42 PM UTC,,Moonset
Leith| Scotland - READ flaterco.com/pol.html,2022-07-27,10:29 PM UTC,3.00 m,Mark Rising
Leith| Scotland - READ flaterco.com/pol.html,2022-07-28,2:22 AM UTC,5.03 m,High Tide
Leith| Scotland - READ flaterco.com/pol.html,2022-07-28,3:00 AM UTC,,Moonrise
Leith| Scotland - READ flaterco.com/pol.html,2022-07-28,4:09 AM UTC,,Sunrise
Leith| Scotland - READ flaterco.com/pol.html,2022-07-28,5:17 AM UTC,3.00 m,Mark Falling
Leith| Scotland - READ flaterco.com/pol.html,2022-07-28,8:24 AM UTC,1.15 m,Low Tide
Leith| Scotland - READ flaterco.com/pol.html,2022-07-28,11:13 AM UTC,3.00 m,Mark Rising
Leith| Scotland - READ flaterco.com/pol.html,2022-07-28,2:41 PM UTC,4.96 m,High Tide
Leith| Scotland - READ flaterco.com/pol.html,2022-07-28,5:36 PM UTC,3.00 m,Mark Falling
Leith| Scotland - READ flaterco.com/pol.html,2022-07-28,5:55 PM UTC,,New Moon
Leith| Scotland - READ flaterco.com/pol.html,2022-07-28,8:28 PM UTC,,Sunset
Leith| Scotland - READ flaterco.com/pol.html,2022-07-28,8:33 PM UTC,1.42 m,Low Tide
Leith| Scotland - READ flaterco.com/pol.html,2022-07-28,9:07 PM UTC,,Moonset
Leith| Scotland - READ flaterco.com/pol.html,2022-07-28,11:03 PM UTC,3.00 m,Mark Rising
Leith| Scotland - READ flaterco.com/pol.html,2022-07-29,2:55 AM UTC,5.14 m,High Tide
Leith| Scotland - READ flaterco.com/pol.html,2022-07-29,4:11 AM UTC,,Sunrise
Leith| Scotland - READ flaterco.com/pol.html,2022-07-29,4:15 AM UTC,,Moonrise
Leith| Scotland - READ flaterco.com/pol.html,2022-07-29,5:54 AM UTC,3.00 m,Mark Falling
Leith| Scotland - READ flaterco.com/pol.html,2022-07-29,9:00 AM UTC,0.98 m,Low Tide
Leith| Scotland - READ flaterco.com/pol.html,2022-07-29,11:49 AM UTC,3.00 m,Mark Rising
Leith| Scotland - READ flaterco.com/pol.html,2022-07-29,3:16 PM UTC,5.06 m,High Tide
Leith| Scotland - READ flaterco.com/pol.html,2022-07-29,6:12 PM UTC,3.00 m,Mark Falling
Leith| Scotland - READ flaterco.com/pol.html,2022-07-29,8:26 PM UTC,,Sunset
Leith| Scotland - READ flaterco.com/pol.html,2022-07-29,9:06 PM UTC,1.32 m,Low Tide
Leith| Scotland - READ flaterco.com/pol.html,2022-07-29,9:24 PM UTC,,Moonset
Leith| Scotland - READ flaterco.com/pol.html,2022-07-29,11:36 PM UTC,3.00 m,Mark Rising
Leith| Scotland - READ flaterco.com/pol.html,2022-07-30,3:27 AM UTC,5.21 m,High Tide
Leith| Scotland - READ flaterco.com/pol.html,2022-07-30,4:12 AM UTC,,Sunrise
Leith| Scotland - READ flaterco.com/pol.html,2022-07-30,5:34 AM UTC,,Moonrise
Leith| Scotland - READ flaterco.com/pol.html,2022-07-30,6:27 AM UTC,2.99 m,Mark Falling
Leith| Scotland - READ flaterco.com/pol.html,2022-07-30,9:34 AM UTC,0.88 m,Low Tide
Leith| Scotland - READ flaterco.com/pol.html,2022-07-30,12:24 PM UTC,3.00 m,Mark Rising
Leith| Scotland - READ flaterco.com/pol.html,2022-07-30,3:50 PM UTC,5.12 m,High Tide
Leith| Scotland - READ flaterco.com/pol.html,2022-07-30,6:45 PM UTC,3.00 m,Mark Falling
Leith| Scotland - READ flaterco.com/pol.html,2022-07-30,8:24 PM UTC,,Sunset
Leith| Scotland - READ flaterco.com/pol.html,2022-07-30,9:36 PM UTC,,Moonset
Leith| Scotland - READ flaterco.com/pol.html,2022-07-30,9:37 PM UTC,1.28 m,Low Tide
Leith| Scotland - READ flaterco.com/pol.html,2022-07-31,12:09 AM UTC,3.00 m,Mark Rising
Leith| Scotland - READ flaterco.com/pol.html,2022-07-31,3:59 AM UTC,5.25 m,High Tide
Leith| Scotland - READ flaterco.com/pol.html,2022-07-31,4:14 AM UTC,,Sunrise
Leith| Scotland - READ flaterco.com/pol.html,2022-07-31,6:54 AM UTC,,Moonrise
Leith| Scotland - READ flaterco.com/pol.html,2022-07-31,6:59 AM UTC,2.99 m,Mark Falling
Leith| Scotland - READ flaterco.com/pol.html,2022-07-31,10:06 AM UTC,0.85 m,Low Tide
Leith| Scotland - READ flaterco.com/pol.html,2022-07-31,12:59 PM UTC,3.00 m,Mark Rising
Leith| Scotland - READ flaterco.com/pol.html,2022-07-31,4:25 PM UTC,5.15 m,High Tide
Leith| Scotland - READ flaterco.com/pol.html,2022-07-31,7:18 PM UTC,3.00 m,Mark Falling
Leith| Scotland - READ flaterco.com/pol.html,2022-07-31,8:22 PM UTC,,Sunset
Leith| Scotland - READ flaterco.com/pol.html,2022-07-31,9:46 PM UTC,,Moonset
Leith| Scotland - READ flaterco.com/pol.html,2022-07-31,10:04 PM UTC,1.29 m,Low Tide
Leith| Scotland - READ flaterco.com/pol.html,2022-08-01,12:43 AM UTC,3.00 m,Mark Rising
Leith| Scotland - READ flaterco.com/pol.html,2022-08-01,4:16 AM UTC,,Sunrise
Leith| Scotland - READ flaterco.com/pol.html,2022-08-01,4:32 AM UTC,5.26 m,High Tide
Leith| Scotland - READ flaterco.com/pol.html,2022-08-01,7:30 AM UTC,2.99 m,Mark Falling
Leith| Scotland - READ flaterco.com/pol.html,2022-08-01,8:13 AM UTC,,Moonrise
Leith| Scotland - READ flaterco.com/pol.html,2022-08-01,10:34 AM UTC,0.88 m,Low Tide
Leith| Scotland - READ flaterco.com/pol.html,2022-08-01,1:34 PM UTC,3.00 m,Mark Rising
Leith| Scotland - READ flaterco.com/pol.html,2022-08-01,5:02 PM UTC,5.13 m,High Tide
Leith| Scotland - READ flaterco.com/pol.html,2022-08-01,7:51 PM UTC,3.00 m,Mark Falling
Leith| Scotland - READ flaterco.com/pol.html,2022-08-01,8:20 PM UTC,,Sunset
Leith| Scotland - READ flaterco.com/pol.html,2022-08-01,9:53 PM UTC,,Moonset
Leith| Scotland - READ flaterco.com/pol.html,2022-08-01,10:29 PM UTC,1.34 m,Low Tide
Leith| Scotland - READ flaterco.com/pol.html,2022-08-02,1:17 AM UTC,3.00 m,Mark Rising
Leith| Scotland - READ flaterco.com/pol.html,2022-08-02,4:18 AM UTC,,Sunrise
Leith| Scotland - READ flaterco.com/pol.html,2022-08-02,5:08 AM UTC,5.23 m,High Tide
Leith| Scotland - READ flaterco.com/pol.html,2022-08-02,8:03 AM UTC,2.99 m,Mark Falling
Leith| Scotland - READ flaterco.com/pol.html,2022-08-02,9:33 AM UTC,,Moonrise
Leith| Scotland - READ flaterco.com/pol.html,2022-08-02,10:59 AM UTC,0.96 m,Low Tide
Leith| Scotland - READ flaterco.com/pol.html,2022-08-02,2:11 PM UTC,3.00 m,Mark Rising
Leith| Scotland - READ flaterco.com/pol.html,2022-08-02,5:40 PM UTC,5.07 m,High Tide
Leith| Scotland - READ flaterco.com/pol.html,2022-08-02,8:18 PM UTC,,Sunset
Leith| Scotland - READ flaterco.com/pol.html,2022-08-02,8:25 PM UTC,3.00 m,Mark Falling
Leith| Scotland - READ flaterco.com/pol.html,2022-08-02,10:00 PM UTC,,Moonset
Leith| Scotland - READ flaterco.com/pol.html,2022-08-02,10:54 PM UTC,1.42 m,Low Tide
Leith| Scotland - READ flaterco.com/pol.html,2022-08-03,1:53 AM UTC,3.00 m,Mark Rising
Leith| Scotland - READ flaterco.com/pol.html,2022-08-03,4:20 AM UTC,,Sunrise
Leith| Scotland - READ flaterco.com/pol.html,2022-08-03,5:46 AM UTC,5.15 m,High Tide
Leith| Scotland - READ flaterco.com/pol.html,2022-08-03,8:39 AM UTC,2.99 m,Mark Falling
Leith| Scotland - READ flaterco.com/pol.html,2022-08-03,10:53 AM UTC,,Moonrise
Leith| Scotland - READ flaterco.com/pol.html,2022-08-03,11:27 AM UTC,1.07 m,Low Tide
Leith| Scotland - READ flaterco.com/pol.html,2022-08-03,2:51 PM UTC,3.00 m,Mark Rising
Leith| Scotland - READ flaterco.com/pol.html,2022-08-03,6:20 PM UTC,4.96 m,High Tide
Leith| Scotland - READ flaterco.com/pol.html,2022-08-03,8:16 PM UTC,,Sunset
Leith| Scotland - READ flaterco.com/pol.html,2022-08-03,9:03 PM UTC,3.00 m,Mark Falling
Leith| Scotland - READ flaterco.com/pol.html,2022-08-03,10:08 PM UTC,,Moonset
Leith| Scotland - READ flaterco.com/pol.html,2022-08-03,11:27 PM UTC,1.53 m,Low Tide
Leith| Scotland - READ flaterco.com/pol.html,2022-08-04,2:33 AM UTC,3.00 m,Mark Rising
Leith| Scotland - READ flaterco.com/pol.html,2022-08-04,4:22 AM UTC,,Sunrise
Leith| Scotland - READ flaterco.com/pol.html,2022-08-04,6:27 AM UTC,5.04 m,High Tide
Leith| Scotland - READ flaterco.com/pol.html,2022-08-04,9:20 AM UTC,3.00 m,Mark Falling
Leith| Scotland - READ flaterco.com/pol.html,2022-08-04,12:04 PM UTC,1.23 m,Low Tide
Leith| Scotland - READ flaterco.com/pol.html,2022-08-04,12:17 PM UTC,,Moonrise
Leith| Scotland - READ flaterco.com/pol.html,2022-08-04,3:36 PM UTC,3.00 m,Mark Rising
Leith| Scotland - READ flaterco.com/pol.html,2022-08-04,7:03 PM UTC,4.82 m,High Tide
Leith| Scotland - READ flaterco.com/pol.html,2022-08-04,8:14 PM UTC,,Sunset
Leith| Scotland - READ flaterco.com/pol.html,2022-08-04,9:47 PM UTC,3.00 m,Mark Falling
Leith| Scotland - READ flaterco.com/pol.html,2022-08-04,10:17 PM UTC,,Moonset
Leith| Scotland - READ flaterco.com/pol.html,2022-08-05,12:11 AM UTC,1.68 m,Low Tide
Leith| Scotland - READ flaterco.com/pol.html,2022-08-05,3:19 AM UTC,3.00 m,Mark Rising
Leith| Scotland - READ flaterco.com/pol.html,2022-08-05,4:24 AM UTC,,Sunrise
Leith| Scotland - READ flaterco.com/pol.html,2022-08-05,7:15 AM UTC,4.90 m,High Tide
Leith| Scotland - READ flaterco.com/pol.html,2022-08-05,10:09 AM UTC,3.00 m,Mark Falling
Leith| Scotland - READ flaterco.com/pol.html,2022-08-05,11:07 AM UTC,,First Quarter
Leith| Scotland - READ flaterco.com/pol.html,2022-08-05,12:55 PM UTC,1.45 m,Low Tide
Leith| Scotland - READ flaterco.com/pol.html,2022-08-05,1:45 PM UTC,,Moonrise
Leith| Scotland - READ flaterco.com/pol.html,2022-08-05,4:28 PM UTC,3.00 m,Mark Rising
Leith| Scotland - READ flaterco.com/pol.html,2022-08-05,7:52 PM UTC,4.68 m,High Tide
Leith| Scotland - READ flaterco.com/pol.html,2022-08-05,8:12 PM UTC,,Sunset
Leith| Scotland - READ flaterco.com/pol.html,2022-08-05,10:28 PM UTC,,Moonset
Leith| Scotland - READ flaterco.com/pol.html,2022-08-05,10:41 PM UTC,3.00 m,Mark Falling
Leith| Scotland - READ flaterco.com/pol.html,2022-08-06,1:12 AM UTC,1.85 m,Low Tide
Leith| Scotland - READ flaterco.com/pol.html,2022-08-06,4:16 AM UTC,3.00 m,Mark Rising
Leith| Scotland - READ flaterco.com/pol.html,2022-08-06,4:26 AM UTC,,Sunrise
Leith| Scotland - READ flaterco.com/pol.html,2022-08-06,8:12 AM UTC,4.74 m,High Tide
Leith| Scotland - READ flaterco.com/pol.html,2022-08-06,11:10 AM UTC,3.00 m,Mark Falling
Leith| Scotland - READ flaterco.com/pol.html,2022-08-06,2:07 PM UTC,1.65 m,Low Tide
Leith| Scotland - READ flaterco.com/pol.html,2022-08-06,3:18 PM UTC,,Moonrise
Leith| Scotland - READ flaterco.com/pol.html,2022-08-06,5:30 PM UTC,3.00 m,Mark Rising
Leith| Scotland - READ flaterco.com/pol.html,2022-08-06,8:09 PM UTC,,Sunset
Leith| Scotland - READ flaterco.com/pol.html,2022-08-06,8:49 PM UTC,4.56 m,High Tide
Leith| Scotland - READ flaterco.com/pol.html,2022-08-06,10:46 PM UTC,,Moonset
Leith| Scotland - READ flaterco.com/pol.html,2022-08-06,11:47 PM UTC,3.00 m,Mark Falling
Leith| Scotland - READ flaterco.com/pol.html,2022-08-07,2:34 AM UTC,1.95 m,Low Tide
Leith| Scotland - READ flaterco.com/pol.html,2022-08-07,4:27 AM UTC,,Sunrise
Leith| Scotland - READ flaterco.com/pol.html,2022-08-07,5:33 AM UTC,3.00 m,Mark Rising
Leith| Scotland - READ flaterco.com/pol.html,2022-08-07,9:23 AM UTC,4.65 m,High Tide
Leith| Scotland - READ flaterco.com/pol.html,2022-08-07,12:25 PM UTC,3.00 m,Mark Falling
Leith| Scotland - READ flaterco.com/pol.html,2022-08-07,3:25 PM UTC,1.78 m,Low Tide
Leith| Scotland - READ flaterco.com/pol.html,2022-08-07,4:52 PM UTC,,Moonrise
Leith| Scotland - READ flaterco.com/pol.html,2022-08-07,6:40 PM UTC,3.00 m,Mark Rising
Leith| Scotland - READ flaterco.com/pol.html,2022-08-07,8:07 PM UTC,,Sunset
Leith| Scotland - READ flaterco.com/pol.html,2022-08-07,9:58 PM UTC,4.55 m,High Tide
Leith| Scotland - READ flaterco.com/pol.html,2022-08-07,11:13 PM UTC,,Moonset
Leith| Scotland - READ flaterco.com/pol.html,2022-08-08,1:05 AM UTC,3.00 m,Mark Falling
Leith| Scotland - READ flaterco.com/pol.html,2022-08-08,3:56 AM UTC,1.89 m,Low Tide
Leith| Scotland - READ flaterco.com/pol.html,2022-08-08,4:29 AM UTC,,Sunrise
Leith| Scotland - READ flaterco.com/pol.html,2022-08-08,7:05 AM UTC,3.00 m,Mark Rising
Leith| Scotland - READ flaterco.com/pol.html,2022-08-08,10:45 AM UTC,4.71 m,High Tide
Leith| Scotland - READ flaterco.com/pol.html,2022-08-08,1:48 PM UTC,3.00 m,Mark Falling
Leith| Scotland - READ flaterco.com/pol.html,2022-08-08,4:47 PM UTC,1.76 m,Low Tide
Leith| Scotland - READ flaterco.com/pol.html,2022-08-08,6:18 PM UTC,,Moonrise
Leith| Scotland - READ flaterco.com/pol.html,2022-08-08,7:49 PM UTC,3.00 m,Mark Rising
Leith| Scotland - READ flaterco.com/pol.html,2022-08-08,8:05 PM UTC,,Sunset
Leith| Scotland - READ flaterco.com/pol.html,2022-08-08,11:15 PM UTC,4.71 m,High Tide
Leith| Scotland - READ flaterco.com/pol.html,2022-08-08,11:59 PM UTC,,Moonset
Leith| Scotland - READ flaterco.com/pol.html,2022-08-09,2:21 AM UTC,3.00 m,Mark Falling
Leith| Scotland - READ flaterco.com/pol.html,2022-08-09,4:31 AM UTC,,Sunrise
Leith| Scotland - READ flaterco.com/pol.html,2022-08-09,5:26 AM UTC,1.66 m,Low Tide
Leith| Scotland - READ flaterco.com/pol.html,2022-08-09,8:28 AM UTC,3.00 m,Mark Rising
Leith| Scotland - READ flaterco.com/pol.html,2022-08-09,11:59 AM UTC,4.95 m,High Tide
Leith| Scotland - READ flaterco.com/pol.html,2022-08-09,3:02 PM UTC,3.00 m,Mark Falling
Leith| Scotland - READ flaterco.com/pol.html,2022-08-09,6:14 PM UTC,1.59 m,Low Tide
Leith| Scotland - READ flaterco.com/pol.html,2022-08-09,7:24 PM UTC,,Moonrise
Leith| Scotland - READ flaterco.com/pol.html,2022-08-09,8:03 PM UTC,,Sunset
Leith| Scotland - READ flaterco.com/pol.html,2022-08-09,8:51 PM UTC,3.00 m,Mark Rising
Leith| Scotland - READ flaterco.com/pol.html,2022-08-10,12:23 AM UTC,5.00 m,High Tide
Leith| Scotland - READ flaterco.com/pol.html,2022-08-10,1:11 AM UTC,,Moonset
Leith| Scotland - READ flaterco.com/pol.html,2022-08-10,3:25 AM UTC,3.00 m,Mark Falling
Leith| Scotland - READ flaterco.com/pol.html,2022-08-10,4:33 AM UTC,,Sunrise
Leith| Scotland - READ flaterco.com/pol.html,2022-08-10,6:52 AM UTC,1.25 m,Low Tide
Leith| Scotland - READ flaterco.com/pol.html,2022-08-10,9:35 AM UTC,3.00 m,Mark Rising
Leith| Scotland - READ flaterco.com/pol.html,2022-08-10,1:01 PM UTC,5.26 m,High Tide
Leith| Scotland - READ flaterco.com/pol.html,2022-08-10,4:05 PM UTC,3.00 m,Mark Falling
Leith| Scotland - READ flaterco.com/pol.html,2022-08-10,7:19 PM UTC,1.30 m,Low Tide
Leith| Scotland - READ flaterco.com/pol.html,2022-08-10,8:00 PM UTC,,Sunset
Leith| Scotland - READ flaterco.com/pol.html,2022-08-10,8:05 PM UTC,,Moonrise
Leith| Scotland - READ flaterco.com/pol.html,2022-08-10,9:45 PM UTC,3.00 m,Mark Rising
Leith| Scotland - READ flaterco.com/pol.html,2022-08-11,1:20 AM UTC,5.34 m,High Tide
Leith| Scotland - READ flaterco.com/pol.html,2022-08-11,2:44 AM UTC,,Moonset
Leith| Scotland - READ flaterco.com/pol.html,2022-08-11,4:21 AM UTC,2.99 m,Mark Falling
Leith| Scotland - READ flaterco.com/pol.html,2022-08-11,4:35 AM UTC,,Sunrise
Leith| Scotland - READ flaterco.com/pol.html,2022-08-11,7:51 AM UTC,0.79 m,Low Tide
Leith| Scotland - READ flaterco.com/pol.html,2022-08-11,10:33 AM UTC,3.00 m,Mark Rising
Leith| Scotland - READ flaterco.com/pol.html,2022-08-11,1:57 PM UTC,5.54 m,High Tide
Leith| Scotland - READ flaterco.com/pol.html,2022-08-11,4:59 PM UTC,3.00 m,Mark Falling
Leith| Scotland - READ flaterco.com/pol.html,2022-08-11,7:58 PM UTC,,Sunset
Leith| Scotland - READ flaterco.com/pol.html,2022-08-11,8:10 PM UTC,1.03 m,Low Tide
Leith| Scotland - READ flaterco.com/pol.html,2022-08-11,8:30 PM UTC,,Moonrise
Leith| Scotland - READ flaterco.com/pol.html,2022-08-11,10:33 PM UTC,3.01 m,Mark Rising
Leith| Scotland - READ flaterco.com/pol.html,2022-08-12,1:36 AM UTC,,Full Moon
Leith| Scotland - READ flaterco.com/pol.html,2022-08-12,2:11 AM UTC,5.64 m,High Tide
Leith| Scotland - READ flaterco.com/pol.html,2022-08-12,4:25 AM UTC,,Moonset
Leith| Scotland - READ flaterco.com/pol.html,2022-08-12,4:37 AM UTC,,Sunrise
Leith| Scotland - READ flaterco.com/pol.html,2022-08-12,5:11 AM UTC,3.00 m,Mark Falling
Leith| Scotland - READ flaterco.com/pol.html,2022-08-12,8:40 AM UTC,0.41 m,Low Tide
Leith| Scotland - READ flaterco.com/pol.html,2022-08-12,11:25 AM UTC,3.01 m,Mark Rising
Leith| Scotland - READ flaterco.com/pol.html,2022-08-12,2:48 PM UTC,5.72 m,High Tide
Leith| Scotland - READ flaterco.com/pol.html,2022-08-12,5:47 PM UTC,3.00 m,Mark Falling
Leith| Scotland - READ flaterco.com/pol.html,2022-08-12,7:56 PM UTC,,Sunset
Leith| Scotland - READ flaterco.com/pol.html,2022-08-12,8:46 PM UTC,,Moonrise
Leith| Scotland - READ flaterco.com/pol.html,2022-08-12,8:55 PM UTC,0.82 m,Low Tide
Leith| Scotland - READ flaterco.com/pol.html,2022-08-12,11:18 PM UTC,3.01 m,Mark Rising
Leith| Scotland - READ flaterco.com/pol.html,2022-08-13,2:59 AM UTC,5.83 m,High Tide
Leith| Scotland - READ flaterco.com/pol.html,2022-08-13,4:39 AM UTC,,Sunrise
Leith| Scotland - READ flaterco.com/pol.html,2022-08-13,5:58 AM UTC,3.00 m,Mark Falling
Leith| Scotland - READ flaterco.com/pol.html,2022-08-13,6:04 AM UTC,,Moonset
Leith| Scotland - READ flaterco.com/pol.html,2022-08-13,9:24 AM UTC,0.17 m,Low Tide
Leith| Scotland - READ flaterco.com/pol.html,2022-08-13,12:12 PM UTC,3.01 m,Mark Rising
Leith| Scotland - READ flaterco.com/pol.html,2022-08-13,3:36 PM UTC,5.77 m,High Tide
Leith| Scotland - READ flaterco.com/pol.html,2022-08-13,6:32 PM UTC,2.99 m,Mark Falling
Leith| Scotland - READ flaterco.com/pol.html,2022-08-13,7:54 PM UTC,,Sunset
Leith| Scotland - READ flaterco.com/pol.html,2022-08-13,8:58 PM UTC,,Moonrise
Leith| Scotland - READ flaterco.com/pol.html,2022-08-13,9:36 PM UTC,0.72 m,Low Tide
Leith| Scotland - READ flaterco.com/pol.html,2022-08-14,12:00 AM UTC,3.01 m,Mark Rising
Leith| Scotland - READ flaterco.com/pol.html,2022-08-14,3:45 AM UTC,5.91 m,High Tide
Leith| Scotland - READ flaterco.com/pol.html,2022-08-14,4:41 AM UTC,,Sunrise
Leith| Scotland - READ flaterco.com/pol.html,2022-08-14,6:44 AM UTC,3.00 m,Mark Falling
Leith| Scotland - READ flaterco.com/pol.html,2022-08-14,7:38 AM UTC,,Moonset
Leith| Scotland - READ flaterco.com/pol.html,2022-08-14,10:05 AM UTC,0.13 m,Low Tide
Leith| Scotland - READ flaterco.com/pol.html,2022-08-14,12:57 PM UTC,3.01 m,Mark Rising
Leith| Scotland - READ flaterco.com/pol.html,2022-08-14,4:22 PM UTC,5.70 m,High Tide
Leith| Scotland - READ flaterco.com/pol.html,2022-08-14,7:14 PM UTC,2.99 m,Mark Falling
Leith| Scotland - READ flaterco.com/pol.html,2022-08-14,7:51 PM UTC,,Sunset
Leith| Scotland - READ flaterco.com/pol.html,2022-08-14,9:06 PM UTC,,Moonrise
Leith| Scotland - READ flaterco.com/pol.html,2022-08-14,10:14 PM UTC,0.75 m,Low Tide
Leith| Scotland - READ flaterco.com/pol.html,2022-08-15,12:41 AM UTC,3.01 m,Mark Rising
Leith| Scotland - READ flaterco.com/pol.html,2022-08-15,4:30 AM UTC,5.86 m,High Tide
Leith| Scotland - READ flaterco.com/pol.html,2022-08-15,4:43 AM UTC,,Sunrise
Leith| Scotland - READ flaterco.com/pol.html,2022-08-15,7:27 AM UTC,3.00 m,Mark Falling
Leith| Scotland - READ flaterco.com/pol.html,2022-08-15,9:07 AM UTC,,Moonset
Leith| Scotland - READ flaterco.com/pol.html,2022-08-15,10:44 AM UTC,0.26 m,Low Tide
Leith| Scotland - READ flaterco.com/pol.html,2022-08-15,1:41 PM UTC,3.00 m,Mark Rising
Leith| Scotland - READ flaterco.com/pol.html,2022-08-15,5:07 PM UTC,5.52 m,High Tide
Leith| Scotland - READ flaterco.com/pol.html,2022-08-15,7:49 PM UTC,,Sunset
Leith| Scotland - READ flaterco.com/pol.html,2022-08-15,7:55 PM UTC,2.99 m,Mark Falling
Leith| Scotland - READ flaterco.com/pol.html,2022-08-15,9:15 PM UTC,,Moonrise
Leith| Scotland - READ flaterco.com/pol.html,2022-08-15,10:50 PM UTC,0.88 m,Low Tide
Leith| Scotland - READ flaterco.com/pol.html,2022-08-16,1:21 AM UTC,3.00 m,Mark Rising
Leith| Scotland - READ flaterco.com/pol.html,2022-08-16,4:45 AM UTC,,Sunrise
Leith| Scotland - READ flaterco.com/pol.html,2022-08-16,5:14 AM UTC,5.70 m,High Tide
Leith| Scotland - READ flaterco.com/pol.html,2022-08-16,8:11 AM UTC,3.00 m,Mark Falling
Leith| Scotland - READ flaterco.com/pol.html,2022-08-16,10:32 AM UTC,,Moonset
Leith| Scotland - READ flaterco.com/pol.html,2022-08-16,11:21 AM UTC,0.55 m,Low Tide
Leith| Scotland - READ flaterco.com/pol.html,2022-08-16,2:24 PM UTC,3.00 m,Mark Rising
Leith| Scotland - READ flaterco.com/pol.html,2022-08-16,5:51 PM UTC,5.27 m,High Tide
Leith| Scotland - READ flaterco.com/pol.html,2022-08-16,7:47 PM UTC,,Sunset
Leith| Scotland - READ flaterco.com/pol.html,2022-08-16,8:35 PM UTC,2.99 m,Mark Falling
Leith| Scotland - READ flaterco.com/pol.html,2022-08-16,9:22 PM UTC,,Moonrise
Leith| Scotland - READ flaterco.com/pol.html,2022-08-16,11:24 PM UTC,1.11 m,Low Tide
Leith| Scotland - READ flaterco.com/pol.html,2022-08-17,2:02 AM UTC,3.00 m,Mark Rising
Leith| Scotland - READ flaterco.com/pol.html,2022-08-17,4:47 AM UTC,,Sunrise
Leith| Scotland - READ flaterco.com/pol.html,2022-08-17,5:59 AM UTC,5.46 m,High Tide
Leith| Scotland - READ flaterco.com/pol.html,2022-08-17,8:54 AM UTC,2.99 m,Mark Falling
Leith| Scotland - READ flaterco.com/pol.html,2022-08-17,11:56 AM UTC,,Moonset
Leith| Scotland - READ flaterco.com/pol.html,2022-08-17,11:56 AM UTC,0.94 m,Low Tide
Leith| Scotland - READ flaterco.com/pol.html,2022-08-17,3:08 PM UTC,3.00 m,Mark Rising
Leith| Scotland - READ flaterco.com/pol.html,2022-08-17,6:35 PM UTC,4.99 m,High Tide
Leith| Scotland - READ flaterco.com/pol.html,2022-08-17,7:44 PM UTC,,Sunset
Leith| Scotland - READ flaterco.com/pol.html,2022-08-17,9:17 PM UTC,3.00 m,Mark Falling
Leith| Scotland - READ flaterco.com/pol.html,2022-08-17,9:31 PM UTC,,Moonrise
Leith| Scotland - READ flaterco.com/pol.html,2022-08-17,11:58 PM UTC,1.39 m,Low Tide
Leith| Scotland - READ flaterco.com/pol.html,2022-08-18,2:45 AM UTC,3.00 m,Mark Rising
Leith| Scotland - READ flaterco.com/pol.html,2022-08-18,4:49 AM UTC,,Sunrise
Leith| Scotland - READ flaterco.com/pol.html,2022-08-18,6:46 AM UTC,5.14 m,High Tide
Leith| Scotland - READ flaterco.com/pol.html,2022-08-18,9:39 AM UTC,3.00 m,Mark Falling
Leith| Scotland - READ flaterco.com/pol.html,2022-08-18,12:30 PM UTC,1.37 m,Low Tide
Leith| Scotland - READ flaterco.com/pol.html,2022-08-18,1:18 PM UTC,,Moonset
Leith| Scotland - READ flaterco.com/pol.html,2022-08-18,3:54 PM UTC,3.00 m,Mark Rising
Leith| Scotland - READ flaterco.com/pol.html,2022-08-18,7:20 PM UTC,4.70 m,High Tide
Leith| Scotland - READ flaterco.com/pol.html,2022-08-18,7:42 PM UTC,,Sunset
Leith| Scotland - READ flaterco.com/pol.html,2022-08-18,9:43 PM UTC,,Moonrise
Leith| Scotland - READ flaterco.com/pol.html,2022-08-18,10:03 PM UTC,3.00 m,Mark Falling
Leith| Scotland - READ flaterco.com/pol.html,2022-08-19,12:37 AM UTC,1.70 m,Low Tide
Leith| Scotland - READ flaterco.com/pol.html,2022-08-19,3:34 AM UTC,3.00 m,Mark Rising
Leith| Scotland - READ flaterco.com/pol.html,2022-08-19,4:36 AM UTC,,Last Quarter
Leith| Scotland - READ flaterco.com/pol.html,2022-08-19,4:51 AM UTC,,Sunrise
Leith| Scotland - READ flaterco.com/pol.html,2022-08-19,7:36 AM UTC,4.81 m,High Tide
Leith| Scotland - READ flaterco.com/pol.html,2022-08-19,10:29 AM UTC,3.00 m,Mark Falling
Leith| Scotland - READ flaterco.com/pol.html,2022-08-19,1:11 PM UTC,1.79 m,Low Tide
Leith| Scotland - READ flaterco.com/pol.html,2022-08-19,2:39 PM UTC,,Moonset
Leith| Scotland - READ flaterco.com/pol.html,2022-08-19,4:48 PM UTC,3.00 m,Mark Rising
Leith| Scotland - READ flaterco.com/pol.html,2022-08-19,7:39 PM UTC,,Sunset
Leith| Scotland - READ flaterco.com/pol.html,2022-08-19,8:10 PM UTC,4.45 m,High Tide
Leith| Scotland - READ flaterco.com/pol.html,2022-08-19,9:58 PM UTC,,Moonrise
Leith| Scotland - READ flaterco.com/pol.html,2022-08-19,10:57 PM UTC,3.00 m,Mark Falling
Leith| Scotland - READ flaterco.com/pol.html,2022-08-20,1:30 AM UTC,2.01 m,Low Tide
Leith| Scotland - READ flaterco.com/pol.html,2022-08-20,4:40 AM UTC,3.00 m,Mark Rising
Leith| Scotland - READ flaterco.com/pol.html,2022-08-20,4:53 AM UTC,,Sunrise
Leith| Scotland - READ flaterco.com/pol.html,2022-08-20,8:32 AM UTC,4.51 m,High Tide
Leith| Scotland - READ flaterco.com/pol.html,2022-08-20,11:29 AM UTC,3.00 m,Mark Falling
Leith| Scotland - READ flaterco.com/pol.html,2022-08-20,2:07 PM UTC,2.15 m,Low Tide
Leith| Scotland - READ flaterco.com/pol.html,2022-08-20,3:57 PM UTC,,Moonset
Leith| Scotland - READ flaterco.com/pol.html,2022-08-20,5:51 PM UTC,3.00 m,Mark Rising
Leith| Scotland - READ flaterco.com/pol.html,2022-08-20,7:37 PM UTC,,Sunset
Leith| Scotland - READ flaterco.com/pol.html,2022-08-20,9:08 PM UTC,4.27 m,High Tide
Leith| Scotland - READ flaterco.com/pol.html,2022-08-20,10:21 PM UTC,,Moonrise
Leith| Scotland - READ flaterco.com/pol.html,2022-08-21,12:08 AM UTC,3.00 m,Mark Falling
Leith| Scotland - READ flaterco.com/pol.html,2022-08-21,2:40 AM UTC,2.23 m,Low Tide
Leith| Scotland - READ flaterco.com/pol.html,2022-08-21,4:55 AM UTC,,Sunrise
Leith| Scotland - READ flaterco.com/pol.html,2022-08-21,6:13 AM UTC,3.00 m,Mark Rising
Leith| Scotland - READ flaterco.com/pol.html,2022-08-21,9:38 AM UTC,4.31 m,High Tide
Leith| Scotland - READ flaterco.com/pol.html,2022-08-21,12:49 PM UTC,3.00 m,Mark Falling
Leith| Scotland - READ flaterco.com/pol.html,2022-08-21,3:27 PM UTC,2.37 m,Low Tide
Leith| Scotland - READ flaterco.com/pol.html,2022-08-21,5:07 PM UTC,,Moonset
Leith| Scotland - READ flaterco.com/pol.html,2022-08-21,6:57 PM UTC,3.00 m,Mark Rising
Leith| Scotland - READ flaterco.com/pol.html,2022-08-21,7:35 PM UTC,,Sunset
Leith| Scotland - READ flaterco.com/pol.html,2022-08-21,10:18 PM UTC,4.22 m,High Tide
Leith| Scotland - READ flaterco.com/pol.html,2022-08-21,10:55 PM UTC,,Moonrise
Leith| Scotland - READ flaterco.com/pol.html,2022-08-22,1:32 AM UTC,3.00 m,Mark Falling
Leith| Scotland - READ flaterco.com/pol.html,2022-08-22,4:17 AM UTC,2.26 m,Low Tide
Leith| Scotland - READ flaterco.com/pol.html,2022-08-22,4:57 AM UTC,,Sunrise
Leith| Scotland - READ flaterco.com/pol.html,2022-08-22,7:36 AM UTC,3.00 m,Mark Rising
Leith| Scotland - READ flaterco.com/pol.html,2022-08-22,10:51 AM UTC,4.27 m,High Tide
Leith| Scotland - READ flaterco.com/pol.html,2022-08-22,2:14 PM UTC,3.00 m,Mark Falling
Leith| Scotland - READ flaterco.com/pol.html,2022-08-22,5:35 PM UTC,2.32 m,Low Tide
Leith| Scotland - READ flaterco.com/pol.html,2022-08-22,6:03 PM UTC,,Moonset
Leith| Scotland - READ flaterco.com/pol.html,2022-08-22,7:32 PM UTC,,Sunset
Leith| Scotland - READ flaterco.com/pol.html,2022-08-22,7:57 PM UTC,3.00 m,Mark Rising
Leith| Scotland - READ flaterco.com/pol.html,2022-08-22,11:32 PM UTC,4.35 m,High Tide
Leith| Scotland - READ flaterco.com/pol.html,2022-08-22,11:43 PM UTC,,Moonrise
Leith| Scotland - READ flaterco.com/pol.html,2022-08-23,2:44 AM UTC,3.00 m,Mark Falling
Leith| Scotland - READ flaterco.com/pol.html,2022-08-23,4:59 AM UTC,,Sunrise
Leith| Scotland - READ flaterco.com/pol.html,2022-08-23,6:06 AM UTC,2.01 m,Low Tide
Leith| Scotland - READ flaterco.com/pol.html,2022-08-23,8:43 AM UTC,3.00 m,Mark Rising
Leith| Scotland - READ flaterco.com/pol.html,2022-08-23,12:01 PM UTC,4.41 m,High Tide
Leith| Scotland - READ flaterco.com/pol.html,2022-08-23,3:17 PM UTC,3.00 m,Mark Falling
Leith| Scotland - READ flaterco.com/pol.html,2022-08-23,6:28 PM UTC,2.11 m,Low Tide
Leith| Scotland - READ flaterco.com/pol.html,2022-08-23,6:45 PM UTC,,Moonset
Leith| Scotland - READ flaterco.com/pol.html,2022-08-23,7:30 PM UTC,,Sunset
Leith| Scotland - READ flaterco.com/pol.html,2022-08-23,8:48 PM UTC,3.00 m,Mark Rising
Leith| Scotland - READ flaterco.com/pol.html,2022-08-24,12:35 AM UTC,4.59 m,High Tide
Leith| Scotland - READ flaterco.com/pol.html,2022-08-24,12:46 AM UTC,,Moonrise
Leith| Scotland - READ flaterco.com/pol.html,2022-08-24,3:37 AM UTC,3.00 m,Mark Falling
Leith| Scotland - READ flaterco.com/pol.html,2022-08-24,5:01 AM UTC,,Sunrise
Leith| Scotland - READ flaterco.com/pol.html,2022-08-24,6:54 AM UTC,1.69 m,Low Tide
Leith| Scotland - READ flaterco.com/pol.html,2022-08-24,9:36 AM UTC,3.00 m,Mark Rising
Leith| Scotland - READ flaterco.com/pol.html,2022-08-24,12:58 PM UTC,4.64 m,High Tide
Leith| Scotland - READ flaterco.com/pol.html,2022-08-24,4:04 PM UTC,3.00 m,Mark Falling
Leith| Scotland - READ flaterco.com/pol.html,2022-08-24,7:06 PM UTC,1.86 m,Low Tide
Leith| Scotland - READ flaterco.com/pol.html,2022-08-24,7:13 PM UTC,,Moonset
Leith| Scotland - READ flaterco.com/pol.html,2022-08-24,7:27 PM UTC,,Sunset
Leith| Scotland - READ flaterco.com/pol.html,2022-08-24,9:32 PM UTC,3.00 m,Mark Rising
Leith| Scotland - READ flaterco.com/pol.html,2022-08-25,1:22 AM UTC,4.85 m,High Tide
Leith| Scotland - READ flaterco.com/pol.html,2022-08-25,2:00 AM UTC,,Moonrise
Leith| Scotland - READ flaterco.com/pol.html,2022-08-25,4:20 AM UTC,3.00 m,Mark Falling
Leith| Scotland - READ flaterco.com/pol.html,2022-08-25,5:03 AM UTC,,Sunrise
Leith| Scotland - READ flaterco.com/pol.html,2022-08-25,7:31 AM UTC,1.37 m,Low Tide
Leith| Scotland - READ flaterco.com/pol.html,2022-08-25,10:19 AM UTC,3.00 m,Mark Rising
Leith| Scotland - READ flaterco.com/pol.html,2022-08-25,1:42 PM UTC,4.88 m,High Tide
Leith| Scotland - READ flaterco.com/pol.html,2022-08-25,4:44 PM UTC,3.00 m,Mark Falling
Leith| Scotland - READ flaterco.com/pol.html,2022-08-25,7:25 PM UTC,,Sunset
Leith| Scotland - READ flaterco.com/pol.html,2022-08-25,7:31 PM UTC,,Moonset
Leith| Scotland - READ flaterco.com/pol.html,2022-08-25,7:40 PM UTC,1.60 m,Low Tide
Leith| Scotland - READ flaterco.com/pol.html,2022-08-25,10:09 PM UTC,3.00 m,Mark Rising
Leith| Scotland - READ flaterco.com/pol.html,2022-08-26,2:01 AM UTC,5.08 m,High Tide
Leith| Scotland - READ flaterco.com/pol.html,2022-08-26,3:20 AM UTC,,Moonrise
Leith| Scotland - READ flaterco.com/pol.html,2022-08-26,4:57 AM UTC,3.00 m,Mark Falling
Leith| Scotland - READ flaterco.com/pol.html,2022-08-26,5:05 AM UTC,,Sunrise
Leith| Scotland - READ flaterco.com/pol.html,2022-08-26,8:05 AM UTC,1.09 m,Low Tide
Leith| Scotland - READ flaterco.com/pol.html,2022-08-26,10:55 AM UTC,3.00 m,Mark Rising
Leith| Scotland - READ flaterco.com/pol.html,2022-08-26,2:19 PM UTC,5.09 m,High Tide
Leith| Scotland - READ flaterco.com/pol.html,2022-08-26,5:19 PM UTC,3.00 m,Mark Falling
Leith| Scotland - READ flaterco.com/pol.html,2022-08-26,7:22 PM UTC,,Sunset
Leith| Scotland - READ flaterco.com/pol.html,2022-08-26,7:45 PM UTC,,Moonset
Leith| Scotland - READ flaterco.com/pol.html,2022-08-26,8:12 PM UTC,1.37 m,Low Tide
Leith| Scotland - READ flaterco.com/pol.html,2022-08-26,10:43 PM UTC,3.00 m,Mark Rising
Leith| Scotland - READ flaterco.com/pol.html,2022-08-27,2:33 AM UTC,5.25 m,High Tide
Leith| Scotland - READ flaterco.com/pol.html,2022-08-27,4:40 AM UTC,,Moonrise
Leith| Scotland - READ flaterco.com/pol.html,2022-08-27,5:07 AM UTC,,Sunrise
Leith| Scotland - READ flaterco.com/pol.html,2022-08-27,5:31 AM UTC,3.00 m,Mark Falling
Leith| Scotland - READ flaterco.com/pol.html,2022-08-27,8:16 AM UTC,,New Moon
Leith| Scotland - READ flaterco.com/pol.html,2022-08-27,8:38 AM UTC,0.86 m,Low Tide
Leith| Scotland - READ flaterco.com/pol.html,2022-08-27,11:28 AM UTC,3.00 m,Mark Rising
Leith| Scotland - READ flaterco.com/pol.html,2022-08-27,2:52 PM UTC,5.25 m,High Tide
Leith| Scotland - READ flaterco.com/pol.html,2022-08-27,5:51 PM UTC,3.00 m,Mark Falling
Leith| Scotland - READ flaterco.com/pol.html,2022-08-27,7:20 PM UTC,,Sunset
Leith| Scotland - READ flaterco.com/pol.html,2022-08-27,7:55 PM UTC,,Moonset
Leith| Scotland - READ flaterco.com/pol.html,2022-08-27,8:43 PM UTC,1.19 m,Low Tide
Leith| Scotland - READ flaterco.com/pol.html,2022-08-27,11:15 PM UTC,3.00 m,Mark Rising
Leith| Scotland - READ flaterco.com/pol.html,2022-08-28,3:04 AM UTC,5.37 m,High Tide
Leith| Scotland - READ flaterco.com/pol.html,2022-08-28,5:09 AM UTC,,Sunrise
Leith| Scotland - READ flaterco.com/pol.html,2022-08-28,6:01 AM UTC,,Moonrise
Leith| Scotland - READ flaterco.com/pol.html,2022-08-28,6:02 AM UTC,2.99 m,Mark Falling
Leith| Scotland - READ flaterco.com/pol.html,2022-08-28,9:09 AM UTC,0.70 m,Low Tide
Leith| Scotland - READ flaterco.com/pol.html,2022-08-28,11:59 AM UTC,3.00 m,Mark Rising
Leith| Scotland - READ flaterco.com/pol.html,2022-08-28,3:25 PM UTC,5.35 m,High Tide
Leith| Scotland - READ flaterco.com/pol.html,2022-08-28,6:22 PM UTC,2.99 m,Mark Falling
Leith| Scotland - READ flaterco.com/pol.html,2022-08-28,7:17 PM UTC,,Sunset
Leith| Scotland - READ flaterco.com/pol.html,2022-08-28,8:03 PM UTC,,Moonset
Leith| Scotland - READ flaterco.com/pol.html,2022-08-28,9:12 PM UTC,1.08 m,Low Tide
Leith| Scotland - READ flaterco.com/pol.html,2022-08-28,11:47 PM UTC,3.00 m,Mark Rising
Leith| Scotland - READ flaterco.com/pol.html,2022-08-29,3:34 AM UTC,5.45 m,High Tide
Leith| Scotland - READ flaterco.com/pol.html,2022-08-29,5:10 AM UTC,,Sunrise
Leith| Scotland - READ flaterco.com/pol.html,2022-08-29,6:33 AM UTC,2.99 m,Mark Falling
Leith| Scotland - READ flaterco.com/pol.html,2022-08-29,7:21 AM UTC,,Moonrise
Leith| Scotland - READ flaterco.com/pol.html,2022-08-29,9:37 AM UTC,0.63 m,Low Tide
Leith| Scotland - READ flaterco.com/pol.html,2022-08-29,12:30 PM UTC,3.00 m,Mark Rising
Leith| Scotland - READ flaterco.com/pol.html,2022-08-29,3:57 PM UTC,5.39 m,High Tide
Leith| Scotland - READ flaterco.com/pol.html,2022-08-29,6:52 PM UTC,3.00 m,Mark Falling
Leith| Scotland - READ flaterco.com/pol.html,2022-08-29,7:15 PM UTC,,Sunset
Leith| Scotland - READ flaterco.com/pol.html,2022-08-29,8:10 PM UTC,,Moonset
Leith| Scotland - READ flaterco.com/pol.html,2022-08-29,9:38 PM UTC,1.04 m,Low Tide
Leith| Scotland - READ flaterco.com/pol.html,2022-08-30,12:19 AM UTC,3.01 m,Mark Rising
Leith| Scotland - READ flaterco.com/pol.html,2022-08-30,4:06 AM UTC,5.48 m,High Tide
Leith| Scotland - READ flaterco.com/pol.html,2022-08-30,5:12 AM UTC,,Sunrise
Leith| Scotland - READ flaterco.com/pol.html,2022-08-30,7:03 AM UTC,2.99 m,Mark Falling
Leith| Scotland - READ flaterco.com/pol.html,2022-08-30,8:42 AM UTC,,Moonrise
Leith| Scotland - READ flaterco.com/pol.html,2022-08-30,10:03 AM UTC,0.65 m,Low Tide
Leith| Scotland - READ flaterco.com/pol.html,2022-08-30,1:03 PM UTC,3.01 m,Mark Rising
Leith| Scotland - READ flaterco.com/pol.html,2022-08-30,4:31 PM UTC,5.37 m,High Tide
Leith| Scotland - READ flaterco.com/pol.html,2022-08-30,7:12 PM UTC,,Sunset
Leith| Scotland - READ flaterco.com/pol.html,2022-08-30,7:23 PM UTC,3.00 m,Mark Falling
Leith| Scotland - READ flaterco.com/pol.html,2022-08-30,8:17 PM UTC,,Moonset
Leith| Scotland - READ flaterco.com/pol.html,2022-08-30,10:01 PM UTC,1.06 m,Low Tide
Leith| Scotland - READ flaterco.com/pol.html,2022-08-31,12:52 AM UTC,3.01 m,Mark Rising
Leith| Scotland - READ flaterco.com/pol.html,2022-08-31,4:40 AM UTC,5.45 m,High Tide
Leith| Scotland - READ flaterco.com/pol.html,2022-08-31,5:14 AM UTC,,Sunrise
Leith| Scotland - READ flaterco.com/pol.html,2022-08-31,7:36 AM UTC,2.99 m,Mark Falling
Leith| Scotland - READ flaterco.com/pol.html,2022-08-31,10:05 AM UTC,,Moonrise
Leith| Scotland - READ flaterco.com/pol.html,2022-08-31,10:25 AM UTC,0.73 m,Low Tide
Leith| Scotland - READ flaterco.com/pol.html,2022-08-31,1:37 PM UTC,3.00 m,Mark Rising
Leith| Scotland - READ flaterco.com/pol.html,2022-08-31,5:07 PM UTC,5.28 m,High Tide
Leith| Scotland - READ flaterco.com/pol.html,2022-08-31,7:09 PM UTC,,Sunset
Leith| Scotland - READ flaterco.com/pol.html,2022-08-31,7:56 PM UTC,3.00 m,Mark Falling
Leith| Scotland - READ flaterco.com/pol.html,2022-08-31,8:25 PM UTC,,Moonset
Leith| Scotland - READ flaterco.com/pol.html,2022-08-31,10:26 PM UTC,1.13 m,Low Tide
Leith| Scotland - READ flaterco.com/pol.html,2022-09-01,1:28 AM UTC,3.00 m,Mark Rising
Leith| Scotland - READ flaterco.com/pol.html,2022-09-01,5:16 AM UTC,,Sunrise
Leith| Scotland - READ flaterco.com/pol.html,2022-09-01,5:17 AM UTC,5.36 m,High Tide
Leith| Scotland - READ flaterco.com/pol.html,2022-09-01,8:12 AM UTC,3.00 m,Mark Falling
Leith| Scotland - READ flaterco.com/pol.html,2022-09-01,10:52 AM UTC,0.90 m,Low Tide
Leith| Scotland - READ flaterco.com/pol.html,2022-09-01,11:32 AM UTC,,Moonrise
Leith| Scotland - READ flaterco.com/pol.html,2022-09-01,2:14 PM UTC,3.00 m,Mark Rising
Leith| Scotland - READ flaterco.com/pol.html,2022-09-01,5:46 PM UTC,5.13 m,High Tide
Leith| Scotland - READ flaterco.com/pol.html,2022-09-01,7:07 PM UTC,,Sunset
Leith| Scotland - READ flaterco.com/pol.html,2022-09-01,8:33 PM UTC,3.00 m,Mark Falling
Leith| Scotland - READ flaterco.com/pol.html,2022-09-01,8:35 PM UTC,,Moonset
Leith| Scotland - READ flaterco.com/pol.html,2022-09-01,10:58 PM UTC,1.27 m,Low Tide
Leith| Scotland - READ flaterco.com/pol.html,2022-09-02,2:07 AM UTC,3.00 m,Mark Rising
Leith| Scotland - READ flaterco.com/pol.html,2022-09-02,5:18 AM UTC,,Sunrise
Leith| Scotland - READ flaterco.com/pol.html,2022-09-02,6:00 AM UTC,5.20 m,High Tide
Leith| Scotland - READ flaterco.com/pol.html,2022-09-02,8:55 AM UTC,3.00 m,Mark Falling
Leith| Scotland - READ flaterco.com/pol.html,2022-09-02,11:26 AM UTC,1.16 m,Low Tide
Leith| Scotland - READ flaterco.com/pol.html,2022-09-02,1:03 PM UTC,,Moonrise
Leith| Scotland - READ flaterco.com/pol.html,2022-09-02,2:55 PM UTC,3.00 m,Mark Rising
Leith| Scotland - READ flaterco.com/pol.html,2022-09-02,6:29 PM UTC,4.93 m,High Tide
Leith| Scotland - READ flaterco.com/pol.html,2022-09-02,7:04 PM UTC,,Sunset
Leith| Scotland - READ flaterco.com/pol.html,2022-09-02,8:50 PM UTC,,Moonset
Leith| Scotland - READ flaterco.com/pol.html,2022-09-02,9:16 PM UTC,3.00 m,Mark Falling
Leith| Scotland - READ flaterco.com/pol.html,2022-09-02,11:38 PM UTC,1.49 m,Low Tide
Leith| Scotland - READ flaterco.com/pol.html,2022-09-03,2:53 AM UTC,3.00 m,Mark Rising
Leith| Scotland - READ flaterco.com/pol.html,2022-09-03,5:20 AM UTC,,Sunrise
Leith| Scotland - READ flaterco.com/pol.html,2022-09-03,6:51 AM UTC,4.98 m,High Tide
Leith| Scotland - READ flaterco.com/pol.html,2022-09-03,9:45 AM UTC,3.00 m,Mark Falling
Leith| Scotland - READ flaterco.com/pol.html,2022-09-03,12:12 PM UTC,1.51 m,Low Tide
Leith| Scotland - READ flaterco.com/pol.html,2022-09-03,2:35 PM UTC,,Moonrise
Leith| Scotland - READ flaterco.com/pol.html,2022-09-03,3:44 PM UTC,3.00 m,Mark Rising
Leith| Scotland - READ flaterco.com/pol.html,2022-09-03,6:08 PM UTC,,First Quarter
Leith| Scotland - READ flaterco.com/pol.html,2022-09-03,7:01 PM UTC,,Sunset
Leith| Scotland - READ flaterco.com/pol.html,2022-09-03,7:18 PM UTC,4.71 m,High Tide
Leith| Scotland - READ flaterco.com/pol.html,2022-09-03,9:12 PM UTC,,Moonset
Leith| Scotland - READ flaterco.com/pol.html,2022-09-03,10:09 PM UTC,3.00 m,Mark Falling
Leith| Scotland - READ flaterco.com/pol.html,2022-09-04,12:33 AM UTC,1.77 m,Low Tide
Leith| Scotland - READ flaterco.com/pol.html,2022-09-04,3:53 AM UTC,3.00 m,Mark Rising
Leith| Scotland - READ flaterco.com/pol.html,2022-09-04,5:22 AM UTC,,Sunrise
Leith| Scotland - READ flaterco.com/pol.html,2022-09-04,7:52 AM UTC,4.74 m,High Tide
Leith| Scotland - READ flaterco.com/pol.html,2022-09-04,10:49 AM UTC,3.00 m,Mark Falling
Leith| Scotland - READ flaterco.com/pol.html,2022-09-04,1:25 PM UTC,1.89 m,Low Tide
Leith| Scotland - READ flaterco.com/pol.html,2022-09-04,4:03 PM UTC,,Moonrise
Leith| Scotland - READ flaterco.com/pol.html,2022-09-04,4:47 PM UTC,3.00 m,Mark Rising
Leith| Scotland - READ flaterco.com/pol.html,2022-09-04,6:59 PM UTC,,Sunset
Leith| Scotland - READ flaterco.com/pol.html,2022-09-04,8:18 PM UTC,4.52 m,High Tide
Leith| Scotland - READ flaterco.com/pol.html,2022-09-04,9:49 PM UTC,,Moonset
Leith| Scotland - READ flaterco.com/pol.html,2022-09-04,11:18 PM UTC,3.00 m,Mark Falling
Leith| Scotland - READ flaterco.com/pol.html,2022-09-05,2:09 AM UTC,2.01 m,Low Tide
Leith| Scotland - READ flaterco.com/pol.html,2022-09-05,5:20 AM UTC,3.00 m,Mark Rising
Leith| Scotland - READ flaterco.com/pol.html,2022-09-05,5:24 AM UTC,,Sunrise
Leith| Scotland - READ flaterco.com/pol.html,2022-09-05,9:09 AM UTC,4.58 m,High Tide
Leith| Scotland - READ flaterco.com/pol.html,2022-09-05,12:14 PM UTC,3.00 m,Mark Falling
Leith| Scotland - READ flaterco.com/pol.html,2022-09-05,3:15 PM UTC,2.10 m,Low Tide
Leith| Scotland - READ flaterco.com/pol.html,2022-09-05,5:15 PM UTC,,Moonrise
Leith| Scotland - READ flaterco.com/pol.html,2022-09-05,6:08 PM UTC,3.00 m,Mark Rising
Leith| Scotland - READ flaterco.com/pol.html,2022-09-05,6:56 PM UTC,,Sunset
Leith| Scotland - READ flaterco.com/pol.html,2022-09-05,9:35 PM UTC,4.46 m,High Tide
Leith| Scotland - READ flaterco.com/pol.html,2022-09-05,10:49 PM UTC,,Moonset
Leith| Scotland - READ flaterco.com/pol.html,2022-09-06,12:48 AM UTC,3.00 m,Mark Falling
Leith| Scotland - READ flaterco.com/pol.html,2022-09-06,3:59 AM UTC,1.96 m,Low Tide
Leith| Scotland - READ flaterco.com/pol.html,2022-09-06,5:26 AM UTC,,Sunrise
Leith| Scotland - READ flaterco.com/pol.html,2022-09-06,7:05 AM UTC,3.00 m,Mark Rising
Leith| Scotland - READ flaterco.com/pol.html,2022-09-06,10:36 AM UTC,4.65 m,High Tide
Leith| Scotland - READ flaterco.com/pol.html,2022-09-06,1:52 PM UTC,3.00 m,Mark Falling
Leith| Scotland - READ flaterco.com/pol.html,2022-09-06,4:55 PM UTC,2.02 m,Low Tide
Leith| Scotland - READ flaterco.com/pol.html,2022-09-06,6:03 PM UTC,,Moonrise
Leith| Scotland - READ flaterco.com/pol.html,2022-09-06,6:54 PM UTC,,Sunset
Leith| Scotland - READ flaterco.com/pol.html,2022-09-06,7:28 PM UTC,3.00 m,Mark Rising
Leith| Scotland - READ flaterco.com/pol.html,2022-09-06,11:02 PM UTC,4.63 m,High Tide
Leith| Scotland - READ flaterco.com/pol.html,2022-09-07,12:12 AM UTC,,Moonset
Leith| Scotland - READ flaterco.com/pol.html,2022-09-07,2:14 AM UTC,3.00 m,Mark Falling
Leith| Scotland - READ flaterco.com/pol.html,2022-09-07,5:28 AM UTC,,Sunrise
Leith| Scotland - READ flaterco.com/pol.html,2022-09-07,5:42 AM UTC,1.61 m,Low Tide
Leith| Scotland - READ flaterco.com/pol.html,2022-09-07,8:28 AM UTC,3.00 m,Mark Rising
Leith| Scotland - READ flaterco.com/pol.html,2022-09-07,11:52 AM UTC,4.93 m,High Tide
Leith| Scotland - READ flaterco.com/pol.html,2022-09-07,3:09 PM UTC,3.00 m,Mark Falling
Leith| Scotland - READ flaterco.com/pol.html,2022-09-07,6:13 PM UTC,1.72 m,Low Tide
Leith| Scotland - READ flaterco.com/pol.html,2022-09-07,6:33 PM UTC,,Moonrise
Leith| Scotland - READ flaterco.com/pol.html,2022-09-07,6:51 PM UTC,,Sunset
Leith| Scotland - READ flaterco.com/pol.html,2022-09-07,8:35 PM UTC,3.00 m,Mark Rising
Leith| Scotland - READ flaterco.com/pol.html,2022-09-08,12:13 AM UTC,4.99 m,High Tide
Leith| Scotland - READ flaterco.com/pol.html,2022-09-08,1:49 AM UTC,,Moonset
Leith| Scotland - READ flaterco.com/pol.html,2022-09-08,3:19 AM UTC,3.00 m,Mark Falling
Leith| Scotland - READ flaterco.com/pol.html,2022-09-08,5:30 AM UTC,,Sunrise
Leith| Scotland - READ flaterco.com/pol.html,2022-09-08,6:49 AM UTC,1.10 m,Low Tide
Leith| Scotland - READ flaterco.com/pol.html,2022-09-08,9:32 AM UTC,3.00 m,Mark Rising
Leith| Scotland - READ flaterco.com/pol.html,2022-09-08,12:54 PM UTC,5.28 m,High Tide
Leith| Scotland - READ flaterco.com/pol.html,2022-09-08,4:04 PM UTC,3.00 m,Mark Falling
Leith| Scotland - READ flaterco.com/pol.html,2022-09-08,6:49 PM UTC,,Sunset
Leith| Scotland - READ flaterco.com/pol.html,2022-09-08,6:52 PM UTC,,Moonrise
Leith| Scotland - READ flaterco.com/pol.html,2022-09-08,7:08 PM UTC,1.36 m,Low Tide
Leith| Scotland - READ flaterco.com/pol.html,2022-09-08,9:29 PM UTC,3.00 m,Mark Rising
Leith| Scotland - READ flaterco.com/pol.html,2022-09-09,1:10 AM UTC,5.39 m,High Tide
Leith| Scotland - READ flaterco.com/pol.html,2022-09-09,3:28 AM UTC,,Moonset
Leith| Scotland - READ flaterco.com/pol.html,2022-09-09,4:11 AM UTC,3.00 m,Mark Falling
Leith| Scotland - READ flaterco.com/pol.html,2022-09-09,5:32 AM UTC,,Sunrise
Leith| Scotland - READ flaterco.com/pol.html,2022-09-09,7:39 AM UTC,0.63 m,Low Tide
Leith| Scotland - READ flaterco.com/pol.html,2022-09-09,10:25 AM UTC,3.00 m,Mark Rising
Leith| Scotland - READ flaterco.com/pol.html,2022-09-09,1:47 PM UTC,5.58 m,High Tide
Leith| Scotland - READ flaterco.com/pol.html,2022-09-09,4:50 PM UTC,3.00 m,Mark Falling
Leith| Scotland - READ flaterco.com/pol.html,2022-09-09,6:46 PM UTC,,Sunset
Leith| Scotland - READ flaterco.com/pol.html,2022-09-09,7:04 PM UTC,,Moonrise
Leith| Scotland - READ flaterco.com/pol.html,2022-09-09,7:53 PM UTC,1.03 m,Low Tide
Leith| Scotland - READ flaterco.com/pol.html,2022-09-09,10:16 PM UTC,3.01 m,Mark Rising
Leith| Scotland - READ flaterco.com/pol.html,2022-09-10,1:59 AM UTC,5.71 m,High Tide
Leith| Scotland - READ flaterco.com/pol.html,2022-09-10,4:58 AM UTC,3.00 m,Mark Falling
Leith| Scotland - READ flaterco.com/pol.html,2022-09-10,5:04 AM UTC,,Moonset
Leith| Scotland - READ flaterco.com/pol.html,2022-09-10,5:34 AM UTC,,Sunrise
Leith| Scotland - READ flaterco.com/pol.html,2022-09-10,8:23 AM UTC,0.30 m,Low Tide
Leith| Scotland - READ flaterco.com/pol.html,2022-09-10,9:58 AM UTC,,Full Moon
Leith| Scotland - READ flaterco.com/pol.html,2022-09-10,11:11 AM UTC,3.00 m,Mark Rising
Leith| Scotland - READ flaterco.com/pol.html,2022-09-10,2:33 PM UTC,5.75 m,High Tide
Leith| Scotland - READ flaterco.com/pol.html,2022-09-10,5:32 PM UTC,2.99 m,Mark Falling
Leith| Scotland - READ flaterco.com/pol.html,2022-09-10,6:43 PM UTC,,Sunset
Leith| Scotland - READ flaterco.com/pol.html,2022-09-10,7:14 PM UTC,,Moonrise
Leith| Scotland - READ flaterco.com/pol.html,2022-09-10,8:34 PM UTC,0.78 m,Low Tide
Leith| Scotland - READ flaterco.com/pol.html,2022-09-10,10:58 PM UTC,3.01 m,Mark Rising
Leith| Scotland - READ flaterco.com/pol.html,2022-09-11,2:43 AM UTC,5.91 m,High Tide
Leith| Scotland - READ flaterco.com/pol.html,2022-09-11,5:36 AM UTC,,Sunrise
Leith| Scotland - READ flaterco.com/pol.html,2022-09-11,5:42 AM UTC,3.00 m,Mark Falling
Leith| Scotland - READ flaterco.com/pol.html,2022-09-11,6:36 AM UTC,,Moonset
Leith| Scotland - READ flaterco.com/pol.html,2022-09-11,9:03 AM UTC,0.13 m,Low Tide
Leith| Scotland - READ flaterco.com/pol.html,2022-09-11,11:52 AM UTC,3.01 m,Mark Rising
Leith| Scotland - READ flaterco.com/pol.html,2022-09-11,3:17 PM UTC,5.78 m,High Tide
Leith| Scotland - READ flaterco.com/pol.html,2022-09-11,6:11 PM UTC,2.99 m,Mark Falling
Leith| Scotland - READ flaterco.com/pol.html,2022-09-11,6:41 PM UTC,,Sunset
Leith| Scotland - READ flaterco.com/pol.html,2022-09-11,7:22 PM UTC,,Moonrise
Leith| Scotland - READ flaterco.com/pol.html,2022-09-11,9:11 PM UTC,0.66 m,Low Tide
Leith| Scotland - READ flaterco.com/pol.html,2022-09-11,11:37 PM UTC,3.01 m,Mark Rising
Leith| Scotland - READ flaterco.com/pol.html,2022-09-12,3:25 AM UTC,5.96 m,High Tide
Leith| Scotland - READ flaterco.com/pol.html,2022-09-12,5:38 AM UTC,,Sunrise
Leith| Scotland - READ flaterco.com/pol.html,2022-09-12,6:23 AM UTC,3.00 m,Mark Falling
Leith| Scotland - READ flaterco.com/pol.html,2022-09-12,8:04 AM UTC,,Moonset
Leith| Scotland - READ flaterco.com/pol.html,2022-09-12,9:40 AM UTC,0.16 m,Low Tide
Leith| Scotland - READ flaterco.com/pol.html,2022-09-12,12:29 PM UTC,3.01 m,Mark Rising
Leith| Scotland - READ flaterco.com/pol.html,2022-09-12,3:57 PM UTC,5.69 m,High Tide
Leith| Scotland - READ flaterco.com/pol.html,2022-09-12,6:38 PM UTC,,Sunset
Leith| Scotland - READ flaterco.com/pol.html,2022-09-12,6:48 PM UTC,2.99 m,Mark Falling
Leith| Scotland - READ flaterco.com/pol.html,2022-09-12,7:29 PM UTC,,Moonrise
Leith| Scotland - READ flaterco.com/pol.html,2022-09-12,9:45 PM UTC,0.66 m,Low Tide
Leith| Scotland - READ flaterco.com/pol.html,2022-09-13,12:15 AM UTC,3.01 m,Mark Rising
Leith| Scotland - READ flaterco.com/pol.html,2022-09-13,4:05 AM UTC,5.88 m,High Tide
Leith| Scotland - READ flaterco.com/pol.html,2022-09-13,5:40 AM UTC,,Sunrise
Leith| Scotland - READ flaterco.com/pol.html,2022-09-13,7:03 AM UTC,2.99 m,Mark Falling
Leith| Scotland - READ flaterco.com/pol.html,2022-09-13,9:30 AM UTC,,Moonset
Leith| Scotland - READ flaterco.com/pol.html,2022-09-13,10:13 AM UTC,0.36 m,Low Tide
Leith| Scotland - READ flaterco.com/pol.html,2022-09-13,1:04 PM UTC,3.00 m,Mark Rising
Leith| Scotland - READ flaterco.com/pol.html,2022-09-13,4:36 PM UTC,5.50 m,High Tide
Leith| Scotland - READ flaterco.com/pol.html,2022-09-13,6:35 PM UTC,,Sunset
Leith| Scotland - READ flaterco.com/pol.html,2022-09-13,7:24 PM UTC,2.99 m,Mark Falling
Leith| Scotland - READ flaterco.com/pol.html,2022-09-13,7:37 PM UTC,,Moonrise
Leith| Scotland - READ flaterco.com/pol.html,2022-09-13,10:15 PM UTC,0.78 m,Low Tide
Leith| Scotland - READ flaterco.com/pol.html,2022-09-14,12:52 AM UTC,3.01 m,Mark Rising
Leith| Scotland - READ flaterco.com/pol.html,2022-09-14,4:45 AM UTC,5.69 m,High Tide
Leith| Scotland - READ flaterco.com/pol.html,2022-09-14,5:42 AM UTC,,Sunrise
Leith| Scotland - READ flaterco.com/pol.html,2022-09-14,7:42 AM UTC,3.00 m,Mark Falling
Leith| Scotland - READ flaterco.com/pol.html,2022-09-14,10:42 AM UTC,0.69 m,Low Tide
Leith| Scotland - READ flaterco.com/pol.html,2022-09-14,10:55 AM UTC,,Moonset
Leith| Scotland - READ flaterco.com/pol.html,2022-09-14,1:38 PM UTC,3.00 m,Mark Rising
Leith| Scotland - READ flaterco.com/pol.html,2022-09-14,5:13 PM UTC,5.26 m,High Tide
Leith| Scotland - READ flaterco.com/pol.html,2022-09-14,6:33 PM UTC,,Sunset
Leith| Scotland - READ flaterco.com/pol.html,2022-09-14,7:47 PM UTC,,Moonrise
Leith| Scotland - READ flaterco.com/pol.html,2022-09-14,8:00 PM UTC,3.00 m,Mark Falling
Leith| Scotland - READ flaterco.com/pol.html,2022-09-14,10:43 PM UTC,1.00 m,Low Tide
Leith| Scotland - READ flaterco.com/pol.html,2022-09-15,1:30 AM UTC,3.00 m,Mark Rising
Leith| Scotland - READ flaterco.com/pol.html,2022-09-15,5:25 AM UTC,5.41 m,High Tide
Leith| Scotland - READ flaterco.com/pol.html,2022-09-15,5:44 AM UTC,,Sunrise
Leith| Scotland - READ flaterco.com/pol.html,2022-09-15,8:22 AM UTC,2.99 m,Mark Falling
Leith| Scotland - READ flaterco.com/pol.html,2022-09-15,11:06 AM UTC,1.08 m,Low Tide
Leith| Scotland - READ flaterco.com/pol.html,2022-09-15,12:19 PM UTC,,Moonset
Leith| Scotland - READ flaterco.com/pol.html,2022-09-15,2:11 PM UTC,3.00 m,Mark Rising
Leith| Scotland - READ flaterco.com/pol.html,2022-09-15,5:52 PM UTC,4.98 m,High Tide
Leith| Scotland - READ flaterco.com/pol.html,2022-09-15,6:30 PM UTC,,Sunset
Leith| Scotland - READ flaterco.com/pol.html,2022-09-15,8:01 PM UTC,,Moonrise
Leith| Scotland - READ flaterco.com/pol.html,2022-09-15,8:39 PM UTC,3.00 m,Mark Falling
Leith| Scotland - READ flaterco.com/pol.html,2022-09-15,11:12 PM UTC,1.28 m,Low Tide
Leith| Scotland - READ flaterco.com/pol.html,2022-09-16,2:08 AM UTC,3.00 m,Mark Rising
Leith| Scotland - READ flaterco.com/pol.html,2022-09-16,5:46 AM UTC,,Sunrise
Leith| Scotland - READ flaterco.com/pol.html,2022-09-16,6:09 AM UTC,5.08 m,High Tide
Leith| Scotland - READ flaterco.com/pol.html,2022-09-16,9:03 AM UTC,3.00 m,Mark Falling
Leith| Scotland - READ flaterco.com/pol.html,2022-09-16,11:29 AM UTC,1.50 m,Low Tide
Leith| Scotland - READ flaterco.com/pol.html,2022-09-16,1:40 PM UTC,,Moonset
Leith| Scotland - READ flaterco.com/pol.html,2022-09-16,2:44 PM UTC,3.00 m,Mark Rising
Leith| Scotland - READ flaterco.com/pol.html,2022-09-16,6:28 PM UTC,,Sunset
Leith| Scotland - READ flaterco.com/pol.html,2022-09-16,6:34 PM UTC,4.71 m,High Tide
Leith| Scotland - READ flaterco.com/pol.html,2022-09-16,8:20 PM UTC,,Moonrise
Leith| Scotland - READ flaterco.com/pol.html,2022-09-16,9:21 PM UTC,3.00 m,Mark Falling
Leith| Scotland - READ flaterco.com/pol.html,2022-09-16,11:46 PM UTC,1.63 m,Low Tide
Leith| Scotland - READ flaterco.com/pol.html,2022-09-17,2:52 AM UTC,3.00 m,Mark Rising
Leith| Scotland - READ flaterco.com/pol.html,2022-09-17,5:47 AM UTC,,Sunrise
Leith| Scotland - READ flaterco.com/pol.html,2022-09-17,6:57 AM UTC,4.73 m,High Tide
Leith| Scotland - READ flaterco.com/pol.html,2022-09-17,9:48 AM UTC,3.00 m,Mark Falling
Leith| Scotland - READ flaterco.com/pol.html,2022-09-17,12:00 PM UTC,1.92 m,Low Tide
Leith| Scotland - READ flaterco.com/pol.html,2022-09-17,2:55 PM UTC,,Moonset
Leith| Scotland - READ flaterco.com/pol.html,2022-09-17,3:20 PM UTC,3.00 m,Mark Rising
Leith| Scotland - READ flaterco.com/pol.html,2022-09-17,6:25 PM UTC,,Sunset
Leith| Scotland - READ flaterco.com/pol.html,2022-09-17,7:21 PM UTC,4.45 m,High Tide
Leith| Scotland - READ flaterco.com/pol.html,2022-09-17,8:50 PM UTC,,Moonrise
Leith| Scotland - READ flaterco.com/pol.html,2022-09-17,9:52 PM UTC,,Last Quarter
Leith| Scotland - READ flaterco.com/pol.html,2022-09-17,10:12 PM UTC,3.00 m,Mark Falling
Leith| Scotland - READ flaterco.com/pol.html,2022-09-18,12:34 AM UTC,2.00 m,Low Tide
Leith| Scotland - READ flaterco.com/pol.html,2022-09-18,3:50 AM UTC,3.00 m,Mark Rising
Leith| Scotland - READ flaterco.com/pol.html,2022-09-18,5:49 AM UTC,,Sunrise
Leith| Scotland - READ flaterco.com/pol.html,2022-09-18,7:52 AM UTC,4.41 m,High Tide
Leith| Scotland - READ flaterco.com/pol.html,2022-09-18,10:45 AM UTC,3.00 m,Mark Falling
Leith| Scotland - READ flaterco.com/pol.html,2022-09-18,12:49 PM UTC,2.33 m,Low Tide
Leith| Scotland - READ flaterco.com/pol.html,2022-09-18,3:58 PM UTC,,Moonset
Leith| Scotland - READ flaterco.com/pol.html,2022-09-18,4:10 PM UTC,3.00 m,Mark Rising
Leith| Scotland - READ flaterco.com/pol.html,2022-09-18,6:22 PM UTC,,Sunset
Leith| Scotland - READ flaterco.com/pol.html,2022-09-18,8:17 PM UTC,4.25 m,High Tide
Leith| Scotland - READ flaterco.com/pol.html,2022-09-18,9:32 PM UTC,,Moonrise
Leith| Scotland - READ flaterco.com/pol.html,2022-09-18,11:20 PM UTC,3.00 m,Mark Falling
Leith| Scotland - READ flaterco.com/pol.html,2022-09-19,1:54 AM UTC,2.32 m,Low Tide
Leith| Scotland - READ flaterco.com/pol.html,2022-09-19,5:37 AM UTC,3.00 m,Mark Rising
Leith| Scotland - READ flaterco.com/pol.html,2022-09-19,5:51 AM UTC,,Sunrise
Leith| Scotland - READ flaterco.com/pol.html,2022-09-19,8:56 AM UTC,4.20 m,High Tide
Leith| Scotland - READ flaterco.com/pol.html,2022-09-19,12:09 PM UTC,3.00 m,Mark Falling
Leith| Scotland - READ flaterco.com/pol.html,2022-09-19,2:29 PM UTC,2.63 m,Low Tide
Leith| Scotland - READ flaterco.com/pol.html,2022-09-19,4:45 PM UTC,,Moonset
Leith| Scotland - READ flaterco.com/pol.html,2022-09-19,5:49 PM UTC,3.00 m,Mark Rising
Leith| Scotland - READ flaterco.com/pol.html,2022-09-19,6:19 PM UTC,,Sunset
Leith| Scotland - READ flaterco.com/pol.html,2022-09-19,9:27 PM UTC,4.15 m,High Tide
Leith| Scotland - READ flaterco.com/pol.html,2022-09-19,10:31 PM UTC,,Moonrise
Leith| Scotland - READ flaterco.com/pol.html,2022-09-20,12:58 AM UTC,3.00 m,Mark Falling
Leith| Scotland - READ flaterco.com/pol.html,2022-09-20,3:53 AM UTC,2.38 m,Low Tide
Leith| Scotland - READ flaterco.com/pol.html,2022-09-20,5:53 AM UTC,,Sunrise
Leith| Scotland - READ flaterco.com/pol.html,2022-09-20,7:12 AM UTC,3.00 m,Mark Rising
Leith| Scotland - READ flaterco.com/pol.html,2022-09-20,10:12 AM UTC,4.16 m,High Tide
Leith| Scotland - READ flaterco.com/pol.html,2022-09-20,2:01 PM UTC,3.00 m,Mark Falling
Leith| Scotland - READ flaterco.com/pol.html,2022-09-20,5:04 PM UTC,2.57 m,Low Tide
Leith| Scotland - READ flaterco.com/pol.html,2022-09-20,5:17 PM UTC,,Moonset
Leith| Scotland - READ flaterco.com/pol.html,2022-09-20,6:17 PM UTC,,Sunset
Leith| Scotland - READ flaterco.com/pol.html,2022-09-20,7:14 PM UTC,3.00 m,Mark Rising
Leith| Scotland - READ flaterco.com/pol.html,2022-09-20,10:50 PM UTC,4.25 m,High Tide
Leith| Scotland - READ flaterco.com/pol.html,2022-09-20,11:42 PM UTC,,Moonrise
Leith| Scotland - READ flaterco.com/pol.html,2022-09-21,2:21 AM UTC,3.00 m,Mark Falling
Leith| Scotland - READ flaterco.com/pol.html,2022-09-21,5:49 AM UTC,2.08 m,Low Tide
Leith| Scotland - READ flaterco.com/pol.html,2022-09-21,5:55 AM UTC,,Sunrise
Leith| Scotland - READ flaterco.com/pol.html,2022-09-21,8:19 AM UTC,3.00 m,Mark Rising
Leith| Scotland - READ flaterco.com/pol.html,2022-09-21,11:28 AM UTC,4.33 m,High Tide
Leith| Scotland - READ flaterco.com/pol.html,2022-09-21,3:05 PM UTC,3.00 m,Mark Falling
Leith| Scotland - READ flaterco.com/pol.html,2022-09-21,5:39 PM UTC,,Moonset
Leith| Scotland - READ flaterco.com/pol.html,2022-09-21,6:02 PM UTC,2.28 m,Low Tide
Leith| Scotland - READ flaterco.com/pol.html,2022-09-21,6:14 PM UTC,,Sunset
Leith| Scotland - READ flaterco.com/pol.html,2022-09-21,8:16 PM UTC,3.00 m,Mark Rising
Leith| Scotland - READ flaterco.com/pol.html,2022-09-22,12:00 AM UTC,4.51 m,High Tide
Leith| Scotland - READ flaterco.com/pol.html,2022-09-22,1:00 AM UTC,,Moonrise
Leith| Scotland - READ flaterco.com/pol.html,2022-09-22,3:13 AM UTC,3.00 m,Mark Falling
Leith| Scotland - READ flaterco.com/pol.html,2022-09-22,5:57 AM UTC,,Sunrise
Leith| Scotland - READ flaterco.com/pol.html,2022-09-22,6:31 AM UTC,1.72 m,Low Tide
Leith| Scotland - READ flaterco.com/pol.html,2022-09-22,9:11 AM UTC,3.00 m,Mark Rising
Leith| Scotland - READ flaterco.com/pol.html,2022-09-22,12:28 PM UTC,4.63 m,High Tide
Leith| Scotland - READ flaterco.com/pol.html,2022-09-22,3:46 PM UTC,3.00 m,Mark Falling
Leith| Scotland - READ flaterco.com/pol.html,2022-09-22,5:53 PM UTC,,Moonset
Leith| Scotland - READ flaterco.com/pol.html,2022-09-22,6:11 PM UTC,,Sunset
Leith| Scotland - READ flaterco.com/pol.html,2022-09-22,6:38 PM UTC,1.96 m,Low Tide
Leith| Scotland - READ flaterco.com/pol.html,2022-09-22,9:03 PM UTC,3.00 m,Mark Rising
Leith| Scotland - READ flaterco.com/pol.html,2022-09-23,12:50 AM UTC,4.82 m,High Tide
Leith| Scotland - READ flaterco.com/pol.html,2022-09-23,2:21 AM UTC,,Moonrise
Leith| Scotland - READ flaterco.com/pol.html,2022-09-23,3:53 AM UTC,3.00 m,Mark Falling
Leith| Scotland - READ flaterco.com/pol.html,2022-09-23,5:59 AM UTC,,Sunrise
Leith| Scotland - READ flaterco.com/pol.html,2022-09-23,7:04 AM UTC,1.37 m,Low Tide
Leith| Scotland - READ flaterco.com/pol.html,2022-09-23,9:52 AM UTC,3.00 m,Mark Rising
Leith| Scotland - READ flaterco.com/pol.html,2022-09-23,1:12 PM UTC,4.94 m,High Tide
Leith| Scotland - READ flaterco.com/pol.html,2022-09-23,4:21 PM UTC,3.00 m,Mark Falling
Leith| Scotland - READ flaterco.com/pol.html,2022-09-23,6:04 PM UTC,,Moonset
Leith| Scotland - READ flaterco.com/pol.html,2022-09-23,6:09 PM UTC,,Sunset
Leith| Scotland - READ flaterco.com/pol.html,2022-09-23,7:11 PM UTC,1.64 m,Low Tide
Leith| Scotland - READ flaterco.com/pol.html,2022-09-23,9:42 PM UTC,3.00 m,Mark Rising
Leith| Scotland - READ flaterco.com/pol.html,2022-09-24,1:29 AM UTC,5.09 m,High Tide
Leith| Scotland - READ flaterco.com/pol.html,2022-09-24,3:42 AM UTC,,Moonrise
Leith| Scotland - READ flaterco.com/pol.html,2022-09-24,4:28 AM UTC,3.00 m,Mark Falling
Leith| Scotland - READ flaterco.com/pol.html,2022-09-24,6:01 AM UTC,,Sunrise
Leith| Scotland - READ flaterco.com/pol.html,2022-09-24,7:36 AM UTC,1.05 m,Low Tide
Leith| Scotland - READ flaterco.com/pol.html,2022-09-24,10:26 AM UTC,3.00 m,Mark Rising
Leith| Scotland - READ flaterco.com/pol.html,2022-09-24,1:49 PM UTC,5.21 m,High Tide
Leith| Scotland - READ flaterco.com/pol.html,2022-09-24,4:53 PM UTC,3.00 m,Mark Falling
Leith| Scotland - READ flaterco.com/pol.html,2022-09-24,6:06 PM UTC,,Sunset
Leith| Scotland - READ flaterco.com/pol.html,2022-09-24,6:12 PM UTC,,Moonset
Leith| Scotland - READ flaterco.com/pol.html,2022-09-24,7:41 PM UTC,1.35 m,Low Tide
Leith| Scotland - READ flaterco.com/pol.html,2022-09-24,10:15 PM UTC,3.00 m,Mark Rising
Leith| Scotland - READ flaterco.com/pol.html,2022-09-25,2:03 AM UTC,5.32 m,High Tide
Leith| Scotland - READ flaterco.com/pol.html,2022-09-25,5:00 AM UTC,2.99 m,Mark Falling
Leith| Scotland - READ flaterco.com/pol.html,2022-09-25,5:04 AM UTC,,Moonrise
Leith| Scotland - READ flaterco.com/pol.html,2022-09-25,6:03 AM UTC,,Sunrise
Leith| Scotland - READ flaterco.com/pol.html,2022-09-25,8:06 AM UTC,0.79 m,Low Tide
Leith| Scotland - READ flaterco.com/pol.html,2022-09-25,10:57 AM UTC,3.00 m,Mark Rising
Leith| Scotland - READ flaterco.com/pol.html,2022-09-25,2:22 PM UTC,5.41 m,High Tide
Leith| Scotland - READ flaterco.com/pol.html,2022-09-25,5:23 PM UTC,3.00 m,Mark Falling
Leith| Scotland - READ flaterco.com/pol.html,2022-09-25,6:03 PM UTC,,Sunset
Leith| Scotland - READ flaterco.com/pol.html,2022-09-25,6:19 PM UTC,,Moonset
Leith| Scotland - READ flaterco.com/pol.html,2022-09-25,8:11 PM UTC,1.12 m,Low Tide
Leith| Scotland - READ flaterco.com/pol.html,2022-09-25,9:54 PM UTC,,New Moon
Leith| Scotland - READ flaterco.com/pol.html,2022-09-25,10:47 PM UTC,3.00 m,Mark Rising
Leith| Scotland - READ flaterco.com/pol.html,2022-09-26,2:34 AM UTC,5.49 m,High Tide
Leith| Scotland - READ flaterco.com/pol.html,2022-09-26,5:31 AM UTC,2.99 m,Mark Falling
Leith| Scotland - READ flaterco.com/pol.html,2022-09-26,6:05 AM UTC,,Sunrise
Leith| Scotland - READ flaterco.com/pol.html,2022-09-26,6:26 AM UTC,,Moonrise
Leith| Scotland - READ flaterco.com/pol.html,2022-09-26,8:35 AM UTC,0.61 m,Low Tide
Leith| Scotland - READ flaterco.com/pol.html,2022-09-26,11:27 AM UTC,3.00 m,Mark Rising
Leith| Scotland - READ flaterco.com/pol.html,2022-09-26,2:54 PM UTC,5.53 m,High Tide
